waypoint_id,segment_id,visit_order,polygon_id,segment_type,spray_on,point_role,longitude,latitude
1,1,1,9,spray,True,start,12.3114713645,54.1759777231
2,1,1,9,spray,True,end,12.3115725248,54.1759799826
3,2,1,9,turn,False,start,12.3115725248,54.1759799826
4,2,1,9,turn,False,end,12.3115805189,54.1759922987
5,3,1,9,spray,True,start,12.3115805189,54.1759922987
6,3,1,9,spray,True,end,12.3114474663,54.1759893268
7,4,1,9,turn,False,start,12.3114474663,54.1759893268
8,4,1,9,turn,False,end,12.3114235681,54.1760009306
9,5,1,9,spray,True,start,12.3114235681,54.1760009306
10,5,1,9,spray,True,end,12.3115885129,54.1760046148
11,6,1,9,turn,False,start,12.3115885129,54.1760046148
12,6,1,9,turn,False,end,12.3120697612,54.1760153627
13,7,1,9,spray,True,start,12.3120697612,54.1760153627
14,7,1,9,spray,True,end,12.3121577037,54.1760173266
15,8,1,9,turn,False,start,12.3121577037,54.1760173266
16,8,1,9,turn,False,end,12.3121725757,54.1760297962
17,9,1,9,spray,True,start,12.3121725757,54.1760297962
18,9,1,9,spray,True,end,12.3120503399,54.1760270665
19,10,1,9,turn,False,start,12.3120503399,54.1760270665
20,10,1,9,turn,False,end,12.3115965070,54.1760169309
21,11,1,9,spray,True,start,12.3115965070,54.1760169309
22,11,1,9,spray,True,end,12.3113996699,54.1760125343
23,12,1,9,turn,False,start,12.3113996699,54.1760125343
24,12,1,9,turn,False,end,12.3113842997,54.1760243285
25,13,1,9,spray,True,start,12.3113842997,54.1760243285
26,13,1,9,spray,True,end,12.3116045011,54.1760292470
27,14,1,9,turn,False,start,12.3116045011,54.1760292470
28,14,1,9,turn,False,end,12.3120309186,54.1760387704
29,15,1,9,spray,True,start,12.3120309186,54.1760387704
30,15,1,9,spray,True,end,12.3121874477,54.1760422658
31,16,1,9,turn,False,start,12.3121874477,54.1760422658
32,16,1,9,turn,False,end,12.3122023197,54.1760547355
33,17,1,9,spray,True,start,12.3122023197,54.1760547355
34,17,1,9,spray,True,end,12.3119902111,54.1760499988
35,18,1,9,turn,False,start,12.3119902111,54.1760499988
36,18,1,9,turn,False,end,12.3116124952,54.1760415630
37,19,1,9,spray,True,start,12.3116124952,54.1760415630
38,19,1,9,spray,True,end,12.3113909786,54.1760366152
39,20,1,9,turn,False,start,12.3113909786,54.1760366152
40,20,1,9,turn,False,end,12.3113976575,54.1760489019
41,21,1,9,spray,True,start,12.3113976575,54.1760489019
42,21,1,9,spray,True,end,12.3116508523,54.1760545573
43,22,1,9,turn,False,start,12.3116508523,54.1760545573
44,22,1,9,turn,False,end,12.3119396866,54.1760610080
45,23,1,9,spray,True,start,12.3119396866,54.1760610080
46,23,1,9,spray,True,end,12.3122171917,54.1760672051
47,24,1,9,turn,False,start,12.3122171917,54.1760672051
48,24,1,9,turn,False,end,12.3122320637,54.1760796747
49,25,1,9,spray,True,start,12.3122320637,54.1760796747
50,25,1,9,spray,True,end,12.3118258805,54.1760706039
51,26,1,9,turn,False,start,12.3118258805,54.1760706039
52,26,1,9,turn,False,end,12.3116928983,54.1760676339
53,27,1,9,spray,True,start,12.3116928983,54.1760676339
54,27,1,9,spray,True,end,12.3114043363,54.1760611887
55,28,1,9,turn,False,start,12.3114043363,54.1760611887
56,28,1,9,turn,False,end,12.3114110152,54.1760734754
57,29,1,9,spray,True,start,12.3114110152,54.1760734754
58,29,1,9,spray,True,end,12.3122394903,54.1760919781
59,30,1,9,turn,False,start,12.3122394903,54.1760919781
60,30,1,9,turn,False,end,12.3122398646,54.1761041240
61,31,1,9,spray,True,start,12.3122398646,54.1761041240
62,31,1,9,spray,True,end,12.3114176941,54.1760857621
63,32,1,9,turn,False,start,12.3114176941,54.1760857621
64,32,1,9,turn,False,end,12.3114243730,54.1760980488
65,33,1,9,spray,True,start,12.3114243730,54.1760980488
66,33,1,9,spray,True,end,12.3122402389,54.1761162699
67,34,1,9,turn,False,start,12.3122402389,54.1761162699
68,34,1,9,turn,False,end,12.3122406133,54.1761284158
69,35,1,9,spray,True,start,12.3122406133,54.1761284158
70,35,1,9,spray,True,end,12.3114310519,54.1761103355
71,36,1,9,turn,False,start,12.3114310519,54.1761103355
72,36,1,9,turn,False,end,12.3114278112,54.1761224007
73,37,1,9,spray,True,start,12.3114278112,54.1761224007
74,37,1,9,spray,True,end,12.3122409876,54.1761405617
75,38,1,9,turn,False,start,12.3122409876,54.1761405617
76,38,1,9,turn,False,end,12.3122413619,54.1761527076
77,39,1,9,spray,True,start,12.3122413619,54.1761527076
78,39,1,9,spray,True,end,12.3114107545,54.1761341572
79,40,1,9,turn,False,start,12.3114107545,54.1761341572
80,40,1,9,turn,False,end,12.3113936978,54.1761459138
81,41,1,9,spray,True,start,12.3113936978,54.1761459138
82,41,1,9,spray,True,end,12.3122383931,54.1761647788
83,42,1,9,turn,False,start,12.3122383931,54.1761647788
84,42,1,9,turn,False,end,12.3122334971,54.1761768070
85,43,1,9,spray,True,start,12.3122334971,54.1761768070
86,43,1,9,spray,True,end,12.3113766411,54.1761576703
87,44,1,9,turn,False,start,12.3113766411,54.1761576703
88,44,1,9,turn,False,end,12.3113595843,54.1761694269
89,45,1,9,spray,True,start,12.3113595843,54.1761694269
90,45,1,9,spray,True,end,12.3122286011,54.1761888352
91,46,1,9,turn,False,start,12.3122286011,54.1761888352
92,46,1,9,turn,False,end,12.3122237052,54.1762008634
93,47,1,9,spray,True,start,12.3122237052,54.1762008634
94,47,1,9,spray,True,end,12.3113411847,54.1761811534
95,48,1,9,turn,False,start,12.3113411847,54.1761811534
96,48,1,9,turn,False,end,12.3113140485,54.1761926848
97,49,1,9,spray,True,start,12.3113140485,54.1761926848
98,49,1,9,spray,True,end,12.3122188092,54.1762128916
99,50,1,9,turn,False,start,12.3122188092,54.1762128916
100,50,1,9,turn,False,end,12.3122139132,54.1762249198
101,51,1,9,spray,True,start,12.3122139132,54.1762249198
102,51,1,9,spray,True,end,12.3112869123,54.1762042161
103,52,1,9,turn,False,start,12.3112869123,54.1762042161
104,52,1,9,turn,False,end,12.3112597761,54.1762157475
105,53,1,9,spray,True,start,12.3112597761,54.1762157475
106,53,1,9,spray,True,end,12.3122090172,54.1762369480
107,54,1,9,turn,False,start,12.3122090172,54.1762369480
108,54,1,9,turn,False,end,12.3122041213,54.1762489762
109,55,1,9,spray,True,start,12.3122041213,54.1762489762
110,55,1,9,spray,True,end,12.3112326398,54.1762272789
111,56,1,9,turn,False,start,12.3112326398,54.1762272789
112,56,1,9,turn,False,end,12.3110133055,54.1762223791
113,57,1,9,spray,True,start,12.3110133055,54.1762223791
114,57,1,9,spray,True,end,12.3109934834,54.1762219363
115,58,1,9,turn,False,start,12.3109934834,54.1762219363
116,58,1,9,turn,False,end,12.3109553110,54.1762332210
117,59,1,9,spray,True,start,12.3109553110,54.1762332210
118,59,1,9,spray,True,end,12.3121992253,54.1762610044
119,60,1,9,turn,False,start,12.3121992253,54.1762610044
120,60,1,9,turn,False,end,12.3121943293,54.1762730326
121,61,1,9,spray,True,start,12.3121943293,54.1762730326
122,61,1,9,spray,True,end,12.3109432774,54.1762450897
123,62,1,9,turn,False,start,12.3109432774,54.1762450897
124,62,1,9,turn,False,end,12.3109452964,54.1762572724
125,63,1,9,spray,True,start,12.3109452964,54.1762572724
126,63,1,9,spray,True,end,12.3121894333,54.1762850608
127,64,1,9,turn,False,start,12.3121894333,54.1762850608
128,64,1,9,turn,False,end,12.3121845373,54.1762970890
129,65,1,9,spray,True,start,12.3121845373,54.1762970890
130,65,1,9,spray,True,end,12.3109473153,54.1762694550
131,66,1,9,turn,False,start,12.3109473153,54.1762694550
132,66,1,9,turn,False,end,12.3109493343,54.1762816376
133,67,1,9,spray,True,start,12.3109493343,54.1762816376
134,67,1,9,spray,True,end,12.3121796413,54.1763091172
135,68,1,9,turn,False,start,12.3121796413,54.1763091172
136,68,1,9,turn,False,end,12.3121747453,54.1763211454
137,69,1,9,spray,True,start,12.3121747453,54.1763211454
138,69,1,9,spray,True,end,12.3109513533,54.1762938203
139,70,1,9,turn,False,start,12.3109513533,54.1762938203
140,70,1,9,turn,False,end,12.3109512125,54.1763059547
141,71,1,9,spray,True,start,12.3109512125,54.1763059547
142,71,1,9,spray,True,end,12.3121698493,54.1763331736
143,72,1,9,turn,False,start,12.3121698493,54.1763331736
144,72,1,9,turn,False,end,12.3121649533,54.1763452018
145,73,1,9,spray,True,start,12.3121649533,54.1763452018
146,73,1,9,spray,True,end,12.3109460226,54.1763179763
147,74,1,9,turn,False,start,12.3109460226,54.1763179763
148,74,1,9,turn,False,end,12.3109408328,54.1763299979
149,75,1,9,spray,True,start,12.3109408328,54.1763299979
150,75,1,9,spray,True,end,12.3121600573,54.1763572301
151,76,1,9,turn,False,start,12.3121600573,54.1763572301
152,76,1,9,turn,False,end,12.3121551613,54.1763692583
153,77,1,9,spray,True,start,12.3121551613,54.1763692583
154,77,1,9,spray,True,end,12.3109356430,54.1763420194
155,78,1,9,turn,False,start,12.3109356430,54.1763420194
156,78,1,9,turn,False,end,12.3109360376,54.1763541658
157,79,1,9,spray,True,start,12.3109360376,54.1763541658
158,79,1,9,spray,True,end,12.3121502653,54.1763812865
159,80,1,9,turn,False,start,12.3121502653,54.1763812865
160,80,1,9,turn,False,end,12.3121453693,54.1763933147
161,81,1,9,spray,True,start,12.3121453693,54.1763933147
162,81,1,9,spray,True,end,12.3109515288,54.1763666494
163,82,1,9,turn,False,start,12.3109515288,54.1763666494
164,82,1,9,turn,False,end,12.3109670200,54.1763791330
165,83,1,9,spray,True,start,12.3109670200,54.1763791330
166,83,1,9,spray,True,end,12.3121404732,54.1764053429
167,84,1,9,turn,False,start,12.3121404732,54.1764053429
168,84,1,9,turn,False,end,12.3121355772,54.1764173711
169,85,1,9,spray,True,start,12.3121355772,54.1764173711
170,85,1,9,spray,True,end,12.3109825112,54.1763916167
171,86,1,9,turn,False,start,12.3109825112,54.1763916167
172,86,1,9,turn,False,end,12.3109980025,54.1764041003
173,87,1,9,spray,True,start,12.3109980025,54.1764041003
174,87,1,9,spray,True,end,12.3121306812,54.1764293993
175,88,1,9,turn,False,start,12.3121306812,54.1764293993
176,88,1,9,turn,False,end,12.3121257852,54.1764414275
177,89,1,9,spray,True,start,12.3121257852,54.1764414275
178,89,1,9,spray,True,end,12.3113157869,54.1764233368
179,90,1,9,turn,False,start,12.3113157869,54.1764233368
180,90,1,9,turn,False,end,12.3115210546,54.1764400593
181,91,1,9,spray,True,start,12.3115210546,54.1764400593
182,91,1,9,spray,True,end,12.3117668946,54.1764455501
183,92,1,9,turn,False,start,12.3117668946,54.1764455501
184,92,1,9,turn,False,end,12.3118200584,54.1764467375
185,93,1,9,spray,True,start,12.3118200584,54.1764467375
186,93,1,9,spray,True,end,12.3121075429,54.1764531576
187,94,1,9,turn,False,start,12.3121075429,54.1764531576
188,94,1,9,turn,False,end,12.3120684961,54.1764644232
189,95,1,9,spray,True,start,12.3120684961,54.1764644232
190,95,1,9,spray,True,end,12.3120299345,54.1764635621
191,96,1,9,turn,False,start,12.3120299345,54.1764635621
192,96,1,9,turn,False,end,12.3117255248,54.1764567637
193,97,1,9,spray,True,start,12.3117255248,54.1764567637
194,97,1,9,spray,True,end,12.3115570814,54.1764530015
195,98,1,9,turn,False,start,12.3115570814,54.1764530015
196,98,1,9,turn,False,end,12.3115931082,54.1764659437
197,99,1,9,spray,True,start,12.3115931082,54.1764659437
198,99,1,9,spray,True,end,12.3116841549,54.1764679773
199,100,2,10,transit,False,start,12.3116841549,54.1764679773
200,100,2,10,transit,False,end,12.3122207545,54.1759350193
201,101,2,10,spray,True,start,12.3122207545,54.1759350193
202,101,2,10,spray,True,end,12.3121314957,54.1759330261
203,102,2,10,turn,False,start,12.3121314957,54.1759330261
204,102,2,10,turn,False,end,12.3121070306,54.1759203422
205,103,2,10,spray,True,start,12.3121070306,54.1759203422
206,103,2,10,spray,True,end,12.3122783568,54.1759241680
207,104,2,10,turn,False,start,12.3122783568,54.1759241680
208,104,2,10,turn,False,end,12.3122945091,54.1759123912
209,105,2,10,spray,True,start,12.3122945091,54.1759123912
210,105,2,10,spray,True,end,12.3121016192,54.1759080839
211,106,2,10,turn,False,start,12.3121016192,54.1759080839
212,106,2,10,turn,False,end,12.3121040086,54.1758959997
213,107,2,10,spray,True,start,12.3121040086,54.1758959997
214,107,2,10,spray,True,end,12.3123087169,54.1759005709
215,108,2,10,turn,False,start,12.3123087169,54.1759005709
216,108,2,10,turn,False,end,12.3123095032,54.1758884509
217,109,2,10,spray,True,start,12.3123095032,54.1758884509
218,109,2,10,spray,True,end,12.3121063979,54.1758839155
219,110,2,10,turn,False,start,12.3121063979,54.1758839155
220,110,2,10,turn,False,end,12.3121087873,54.1758718313
221,111,2,10,spray,True,start,12.3121087873,54.1758718313
222,111,2,10,spray,True,end,12.3123102896,54.1758763310
223,112,2,10,turn,False,start,12.3123102896,54.1758763310
224,112,2,10,turn,False,end,12.3123110759,54.1758642110
225,113,2,10,spray,True,start,12.3123110759,54.1758642110
226,113,2,10,spray,True,end,12.3121111767,54.1758597472
227,114,2,10,turn,False,start,12.3121111767,54.1758597472
228,114,2,10,turn,False,end,12.3121135661,54.1758476630
229,115,2,10,spray,True,start,12.3121135661,54.1758476630
230,115,2,10,spray,True,end,12.3123118623,54.1758520910
231,116,2,10,turn,False,start,12.3123118623,54.1758520910
232,116,2,10,turn,False,end,12.3123126486,54.1758399710
233,117,2,10,spray,True,start,12.3123126486,54.1758399710
234,117,2,10,spray,True,end,12.3121159554,54.1758355788
235,118,2,10,turn,False,start,12.3121159554,54.1758355788
236,118,2,10,turn,False,end,12.3121185002,54.1758234981
237,119,2,10,spray,True,start,12.3121185002,54.1758234981
238,119,2,10,spray,True,end,12.3123134350,54.1758278511
239,120,2,10,turn,False,start,12.3123134350,54.1758278511
240,120,2,10,turn,False,end,12.3123142214,54.1758157311
241,121,2,10,spray,True,start,12.3123142214,54.1758157311
242,121,2,10,spray,True,end,12.3121242169,54.1758114882
243,122,2,10,turn,False,start,12.3121242169,54.1758114882
244,122,2,10,turn,False,end,12.3121299336,54.1757994784
245,123,2,10,spray,True,start,12.3121299336,54.1757994784
246,123,2,10,spray,True,end,12.3123150077,54.1758036111
247,124,2,10,turn,False,start,12.3123150077,54.1758036111
248,124,2,10,turn,False,end,12.3122970287,54.1757910721
249,125,2,10,spray,True,start,12.3122970287,54.1757910721
250,125,2,10,spray,True,end,12.3121356503,54.1757874685
251,126,2,10,turn,False,start,12.3121356503,54.1757874685
252,126,2,10,turn,False,end,12.3121413670,54.1757754586
253,127,2,10,spray,True,start,12.3121413670,54.1757754586
254,127,2,10,spray,True,end,12.3122776985,54.1757785029
255,128,2,10,turn,False,start,12.3122776985,54.1757785029
256,128,2,10,turn,False,end,12.3122583683,54.1757659338
257,129,2,10,spray,True,start,12.3122583683,54.1757659338
258,129,2,10,spray,True,end,12.3121470837,54.1757634487
259,130,2,10,turn,False,start,12.3121470837,54.1757634487
260,130,2,10,turn,False,end,12.3121632292,54.1757516717
261,131,2,10,spray,True,start,12.3121632292,54.1757516717
262,131,2,10,spray,True,end,12.3122390381,54.1757533646
263,132,3,8,transit,False,start,12.3122390381,54.1757533646
264,132,3,8,transit,False,end,12.3143635905,54.1760825742
265,133,3,8,spray,True,start,12.3143635905,54.1760825742
266,133,3,8,spray,True,end,12.3144692846,54.1760849324
267,134,3,8,turn,False,start,12.3144692846,54.1760849324
268,134,3,8,turn,False,end,12.3148647297,54.1761058922
269,135,3,8,spray,True,start,12.3148647297,54.1761058922
270,135,3,8,spray,True,end,12.3147892480,54.1761042083
271,136,3,8,turn,False,start,12.3147892480,54.1761042083
272,136,3,8,turn,False,end,12.3145573394,54.1760990345
273,137,3,8,spray,True,start,12.3145573394,54.1760990345
274,137,3,8,spray,True,end,12.3143331706,54.1760940329
275,138,3,8,turn,False,start,12.3143331706,54.1760940329
276,138,3,8,turn,False,end,12.3143027506,54.1761054917
277,139,3,8,spray,True,start,12.3143027506,54.1761054917
278,139,3,8,spray,True,end,12.3145693882,54.1761114409
279,140,3,8,turn,False,start,12.3145693882,54.1761114409
280,140,3,8,turn,False,end,12.3147759306,54.1761160488
281,141,3,8,spray,True,start,12.3147759306,54.1761160488
282,141,3,8,spray,True,end,12.3148733760,54.1761182226
283,142,3,8,turn,False,start,12.3148733760,54.1761182226
284,142,3,8,turn,False,end,12.3148820223,54.1761305530
285,143,3,8,spray,True,start,12.3148820223,54.1761305530
286,143,3,8,spray,True,end,12.3147626132,54.1761278892
287,144,3,8,turn,False,start,12.3147626132,54.1761278892
288,144,3,8,turn,False,end,12.3145814371,54.1761238472
289,145,3,8,spray,True,start,12.3145814371,54.1761238472
290,145,3,8,spray,True,end,12.3142723306,54.1761169505
291,146,3,8,turn,False,start,12.3142723306,54.1761169505
292,146,3,8,turn,False,end,12.3142419106,54.1761284092
293,147,3,8,spray,True,start,12.3142419106,54.1761284092
294,147,3,8,spray,True,end,12.3145934859,54.1761362536
295,148,3,8,turn,False,start,12.3145934859,54.1761362536
296,148,3,8,turn,False,end,12.3147492958,54.1761397296
297,149,3,8,spray,True,start,12.3147492958,54.1761397296
298,149,3,8,spray,True,end,12.3148876799,54.1761428168
299,150,3,8,turn,False,start,12.3148876799,54.1761428168
300,150,3,8,turn,False,end,12.3148832668,54.1761548559
301,151,3,8,spray,True,start,12.3148832668,54.1761548559
302,151,3,8,spray,True,end,12.3147239513,54.1761513017
303,152,3,8,turn,False,start,12.3147239513,54.1761513017
304,152,3,8,turn,False,end,12.3146133492,54.1761488342
305,153,3,8,spray,True,start,12.3146133492,54.1761488342
306,153,3,8,spray,True,end,12.3142114906,54.1761398680
307,154,3,8,turn,False,start,12.3142114906,54.1761398680
308,154,3,8,turn,False,end,12.3141810706,54.1761513267
309,155,3,8,spray,True,start,12.3141810706,54.1761513267
310,155,3,8,spray,True,end,12.3146582341,54.1761619731
311,156,3,8,turn,False,start,12.3146582341,54.1761619731
312,156,3,8,turn,False,end,12.3146600968,54.1761620147
313,157,3,8,spray,True,start,12.3146600968,54.1761620147
314,157,3,8,spray,True,end,12.3148788538,54.1761668949
315,158,3,8,turn,False,start,12.3148788538,54.1761668949
316,158,3,8,turn,False,end,12.3148744408,54.1761789340
317,159,3,8,spray,True,start,12.3148744408,54.1761789340
318,159,3,8,spray,True,end,12.3141700882,54.1761632192
319,160,3,8,turn,False,start,12.3141700882,54.1761632192
320,160,3,8,turn,False,end,12.3141608695,54.1761751510
321,161,3,8,spray,True,start,12.3141608695,54.1761751510
322,161,3,8,spray,True,end,12.3148700277,54.1761909731
323,162,3,8,turn,False,start,12.3148700277,54.1761909731
324,162,3,8,turn,False,end,12.3148656147,54.1762030122
325,163,3,8,spray,True,start,12.3148656147,54.1762030122
326,163,3,8,spray,True,end,12.3141516508,54.1761870829
327,164,3,8,turn,False,start,12.3141516508,54.1761870829
328,164,3,8,turn,False,end,12.3141502179,54.1761991884
329,165,3,8,spray,True,start,12.3141502179,54.1761991884
330,165,3,8,spray,True,end,12.3148612017,54.1762150512
331,166,3,8,turn,False,start,12.3148612017,54.1762150512
332,166,3,8,turn,False,end,12.3148567886,54.1762270903
333,167,3,8,spray,True,start,12.3148567886,54.1762270903
334,167,3,8,spray,True,end,12.3141524499,54.1762113757
335,168,3,8,turn,False,start,12.3141524499,54.1762113757
336,168,3,8,turn,False,end,12.3141546819,54.1762235631
337,169,3,8,spray,True,start,12.3141546819,54.1762235631
338,169,3,8,spray,True,end,12.3148523756,54.1762391294
339,170,3,8,turn,False,start,12.3148523756,54.1762391294
340,170,3,8,turn,False,end,12.3148479625,54.1762511685
341,171,3,8,spray,True,start,12.3148479625,54.1762511685
342,171,3,8,spray,True,end,12.3141569139,54.1762357504
343,172,3,8,turn,False,start,12.3141569139,54.1762357504
344,172,3,8,turn,False,end,12.3141591459,54.1762479377
345,173,3,8,spray,True,start,12.3141591459,54.1762479377
346,173,3,8,spray,True,end,12.3148435495,54.1762632076
347,174,3,8,turn,False,start,12.3148435495,54.1762632076
348,174,3,8,turn,False,end,12.3148391364,54.1762752466
349,175,3,8,spray,True,start,12.3148391364,54.1762752466
350,175,3,8,spray,True,end,12.3141613779,54.1762601251
351,176,3,8,turn,False,start,12.3141613779,54.1762601251
352,176,3,8,turn,False,end,12.3141806429,54.1762726925
353,177,3,8,spray,True,start,12.3141806429,54.1762726925
354,177,3,8,spray,True,end,12.3148347233,54.1762872857
355,178,3,8,turn,False,start,12.3148347233,54.1762872857
356,178,3,8,turn,False,end,12.3148303103,54.1762993248
357,179,3,8,spray,True,start,12.3148303103,54.1762993248
358,179,3,8,spray,True,end,12.3146393147,54.1762950638
359,180,3,8,turn,False,start,12.3146393147,54.1762950638
360,180,3,8,turn,False,end,12.3145585269,54.1762932614
361,181,3,8,spray,True,start,12.3145585269,54.1762932614
362,181,3,8,spray,True,end,12.3142041472,54.1762853545
363,182,3,8,turn,False,start,12.3142041472,54.1762853545
364,182,3,8,turn,False,end,12.3142276515,54.1762980164
365,183,3,8,spray,True,start,12.3142276515,54.1762980164
366,183,3,8,spray,True,end,12.3145326862,54.1763048224
367,184,3,8,turn,False,start,12.3145326862,54.1763048224
368,184,3,8,turn,False,end,12.3146673062,54.1763078258
369,185,3,8,spray,True,start,12.3146673062,54.1763078258
370,185,3,8,spray,True,end,12.3148258972,54.1763113639
371,186,3,8,turn,False,start,12.3148258972,54.1763113639
372,186,3,8,turn,False,end,12.3148214842,54.1763234029
373,187,3,8,spray,True,start,12.3148214842,54.1763234029
374,187,3,8,spray,True,end,12.3146775674,54.1763201923
375,188,3,8,turn,False,start,12.3146775674,54.1763201923
376,188,3,8,turn,False,end,12.3145108710,54.1763164732
377,189,3,8,spray,True,start,12.3145108710,54.1763164732
378,189,3,8,spray,True,end,12.3142511558,54.1763106784
379,190,3,8,turn,False,start,12.3142511558,54.1763106784
380,190,3,8,turn,False,end,12.3142746601,54.1763233404
381,191,3,8,spray,True,start,12.3142746601,54.1763233404
382,191,3,8,spray,True,end,12.3144890557,54.1763281240
383,192,3,8,turn,False,start,12.3144890557,54.1763281240
384,192,3,8,turn,False,end,12.3146822912,54.1763324352
385,193,3,8,spray,True,start,12.3146822912,54.1763324352
386,193,3,8,spray,True,end,12.3148170711,54.1763354420
387,194,3,8,turn,False,start,12.3148170711,54.1763354420
388,194,3,8,turn,False,end,12.3148126580,54.1763474811
389,195,3,8,spray,True,start,12.3148126580,54.1763474811
390,195,3,8,spray,True,end,12.3146870150,54.1763446781
391,196,3,8,turn,False,start,12.3146870150,54.1763446781
392,196,3,8,turn,False,end,12.3146917388,54.1763569210
393,197,3,8,spray,True,start,12.3146917388,54.1763569210
394,197,3,8,spray,True,end,12.3147996003,54.1763593273
395,198,3,8,turn,False,start,12.3147996003,54.1763593273
396,198,3,8,turn,False,end,12.3147774694,54.1763709711
397,199,3,8,spray,True,start,12.3147774694,54.1763709711
398,199,3,8,spray,True,end,12.3147250581,54.1763698019
399,200,4,11,transit,False,start,12.3147250581,54.1763698019
400,200,4,11,transit,False,end,12.3161281964,54.1757440041
401,201,4,11,spray,True,start,12.3161281964,54.1757440041
402,201,4,11,spray,True,end,12.3161528167,54.1757445530
403,202,4,11,turn,False,start,12.3161528167,54.1757445530
404,202,4,11,turn,False,end,12.3161807186,54.1757330376
405,203,4,11,spray,True,start,12.3161807186,54.1757330376
406,203,4,11,spray,True,end,12.3160934981,54.1757310928
407,204,4,11,turn,False,start,12.3160934981,54.1757310928
408,204,4,11,turn,False,end,12.3160871592,54.1757188140
409,205,4,11,spray,True,start,12.3160871592,54.1757188140
410,205,4,11,spray,True,end,12.3162086205,54.1757215223
411,206,4,11,turn,False,start,12.3162086205,54.1757215223
412,206,4,11,turn,False,end,12.3162365223,54.1757100069
413,207,4,11,spray,True,start,12.3162365223,54.1757100069
414,207,4,11,spray,True,end,12.3160842118,54.1757066107
415,208,4,11,turn,False,start,12.3160842118,54.1757066107
416,208,4,11,turn,False,end,12.3160911739,54.1756946284
417,209,4,11,spray,True,start,12.3160911739,54.1756946284
418,209,4,11,spray,True,end,12.3162620410,54.1756984383
419,210,4,11,turn,False,start,12.3162620410,54.1756984383
420,210,4,11,turn,False,end,12.3162718877,54.1756865204
421,211,4,11,spray,True,start,12.3162718877,54.1756865204
422,211,4,11,spray,True,end,12.3160981359,54.1756826462
423,212,4,11,turn,False,start,12.3160981359,54.1756826462
424,212,4,11,turn,False,end,12.3161050979,54.1756706639
425,213,4,11,spray,True,start,12.3161050979,54.1756706639
426,213,4,11,spray,True,end,12.3162817344,54.1756746024
427,214,4,11,turn,False,start,12.3162817344,54.1756746024
428,214,4,11,turn,False,end,12.3162915811,54.1756626844
429,215,4,11,spray,True,start,12.3162915811,54.1756626844
430,215,4,11,spray,True,end,12.3161120600,54.1756586816
431,216,4,11,turn,False,start,12.3161120600,54.1756586816
432,216,4,11,turn,False,end,12.3161190220,54.1756466993
433,217,4,11,spray,True,start,12.3161190220,54.1756466993
434,217,4,11,spray,True,end,12.3162982327,54.1756506952
435,218,4,11,turn,False,start,12.3162982327,54.1756506952
436,218,4,11,turn,False,end,12.3162993651,54.1756385829
437,219,4,11,spray,True,start,12.3162993651,54.1756385829
438,219,4,11,spray,True,end,12.3161259840,54.1756347170
439,220,4,11,turn,False,start,12.3161259840,54.1756347170
440,220,4,11,turn,False,end,12.3161218094,54.1756224864
441,221,4,11,spray,True,start,12.3161218094,54.1756224864
442,221,4,11,spray,True,end,12.3163004976,54.1756264707
443,222,4,11,turn,False,start,12.3163004976,54.1756264707
444,222,4,11,turn,False,end,12.3163016300,54.1756143584
445,223,4,11,spray,True,start,12.3163016300,54.1756143584
446,223,4,11,spray,True,end,12.3161156278,54.1756102111
447,224,4,11,turn,False,start,12.3161156278,54.1756102111
448,224,4,11,turn,False,end,12.3161094462,54.1755979357
449,225,4,11,spray,True,start,12.3161094462,54.1755979357
450,225,4,11,spray,True,end,12.3163027624,54.1756022461
451,226,4,11,turn,False,start,12.3163027624,54.1756022461
452,226,4,11,turn,False,end,12.3163038948,54.1755901338
453,227,4,11,spray,True,start,12.3163038948,54.1755901338
454,227,4,11,spray,True,end,12.3161032647,54.1755856604
455,228,4,11,turn,False,start,12.3161032647,54.1755856604
456,228,4,11,turn,False,end,12.3160970831,54.1755733850
457,229,4,11,spray,True,start,12.3160970831,54.1755733850
458,229,4,11,spray,True,end,12.3163050272,54.1755780216
459,230,4,11,turn,False,start,12.3163050272,54.1755780216
460,230,4,11,turn,False,end,12.3163061596,54.1755659093
461,231,4,11,spray,True,start,12.3163061596,54.1755659093
462,231,4,11,spray,True,end,12.3160923084,54.1755611410
463,232,4,11,turn,False,start,12.3160923084,54.1755611410
464,232,4,11,turn,False,end,12.3160945887,54.1755490543
465,233,4,11,spray,True,start,12.3160945887,54.1755490543
466,233,4,11,spray,True,end,12.3163029376,54.1755536999
467,234,4,11,turn,False,start,12.3163029376,54.1755536999
468,234,4,11,turn,False,end,12.3162954587,54.1755413957
469,235,4,11,spray,True,start,12.3162954587,54.1755413957
470,235,4,11,spray,True,end,12.3160968691,54.1755369677
471,236,4,11,turn,False,start,12.3160968691,54.1755369677
472,236,4,11,turn,False,end,12.3160991495,54.1755248810
473,237,4,11,spray,True,start,12.3160991495,54.1755248810
474,237,4,11,spray,True,end,12.3162879798,54.1755290914
475,238,4,11,turn,False,start,12.3162879798,54.1755290914
476,238,4,11,turn,False,end,12.3162805009,54.1755167871
477,239,4,11,spray,True,start,12.3162805009,54.1755167871
478,239,4,11,spray,True,end,12.3161014299,54.1755127943
479,240,4,11,turn,False,start,12.3161014299,54.1755127943
480,240,4,11,turn,False,end,12.3161037103,54.1755007076
481,241,4,11,spray,True,start,12.3161037103,54.1755007076
482,241,4,11,spray,True,end,12.3162794267,54.1755046256
483,242,4,11,turn,False,start,12.3162794267,54.1755046256
484,242,4,11,turn,False,end,12.3162837615,54.1754925848
485,243,4,11,spray,True,start,12.3162837615,54.1754925848
486,243,4,11,spray,True,end,12.3161059907,54.1754886210
487,244,4,11,turn,False,start,12.3161059907,54.1754886210
488,244,4,11,turn,False,end,12.3161082711,54.1754765343
489,245,4,11,spray,True,start,12.3161082711,54.1754765343
490,245,4,11,spray,True,end,12.3162880962,54.1754805439
491,246,4,11,turn,False,start,12.3162880962,54.1754805439
492,246,4,11,turn,False,end,12.3162924309,54.1754685030
493,247,4,11,spray,True,start,12.3162924309,54.1754685030
494,247,4,11,spray,True,end,12.3161105514,54.1754644476
495,248,4,11,turn,False,start,12.3161105514,54.1754644476
496,248,4,11,turn,False,end,12.3161128318,54.1754523609
497,249,4,11,spray,True,start,12.3161128318,54.1754523609
498,249,4,11,spray,True,end,12.3162967657,54.1754564622
499,250,4,11,turn,False,start,12.3162967657,54.1754564622
500,250,4,11,turn,False,end,12.3163011004,54.1754444213
501,251,4,11,spray,True,start,12.3163011004,54.1754444213
502,251,4,11,spray,True,end,12.3161158199,54.1754402901
503,252,4,11,turn,False,start,12.3161158199,54.1754402901
504,252,4,11,turn,False,end,12.3161237470,54.1754283293
505,253,4,11,spray,True,start,12.3161237470,54.1754283293
506,253,4,11,spray,True,end,12.3163054351,54.1754323804
507,254,4,11,turn,False,start,12.3163054351,54.1754323804
508,254,4,11,turn,False,end,12.3163097698,54.1754203395
509,255,4,11,spray,True,start,12.3163097698,54.1754203395
510,255,4,11,spray,True,end,12.3161316740,54.1754163685
511,256,4,11,turn,False,start,12.3161316740,54.1754163685
512,256,4,11,turn,False,end,12.3161396010,54.1754044078
513,257,4,11,spray,True,start,12.3161396010,54.1754044078
514,257,4,11,spray,True,end,12.3163141045,54.1754082987
515,258,4,11,turn,False,start,12.3163141045,54.1754082987
516,258,4,11,turn,False,end,12.3163184393,54.1753962578
517,259,4,11,spray,True,start,12.3163184393,54.1753962578
518,259,4,11,spray,True,end,12.3161475280,54.1753924470
519,260,4,11,turn,False,start,12.3161475280,54.1753924470
520,260,4,11,turn,False,end,12.3161554550,54.1753804862
521,261,4,11,spray,True,start,12.3161554550,54.1753804862
522,261,4,11,spray,True,end,12.3163227740,54.1753842169
523,262,4,11,turn,False,start,12.3163227740,54.1753842169
524,262,4,11,turn,False,end,12.3163271087,54.1753721760
525,263,4,11,spray,True,start,12.3163271087,54.1753721760
526,263,4,11,spray,True,end,12.3161540993,54.1753683185
527,264,4,11,turn,False,start,12.3161540993,54.1753683185
528,264,4,11,turn,False,end,12.3161500423,54.1753560905
529,265,4,11,spray,True,start,12.3161500423,54.1753560905
530,265,4,11,spray,True,end,12.3163314434,54.1753601352
531,266,4,11,turn,False,start,12.3163314434,54.1753601352
532,266,4,11,turn,False,end,12.3163357781,54.1753480943
533,267,4,11,spray,True,start,12.3163357781,54.1753480943
534,267,4,11,spray,True,end,12.3161459854,54.1753438625
535,268,4,11,turn,False,start,12.3161459854,54.1753438625
536,268,4,11,turn,False,end,12.3161419284,54.1753316345
537,269,4,11,spray,True,start,12.3161419284,54.1753316345
538,269,4,11,spray,True,end,12.3163401128,54.1753360534
539,270,4,11,turn,False,start,12.3163401128,54.1753360534
540,270,4,11,turn,False,end,12.3163332630,54.1753237632
541,271,4,11,spray,True,start,12.3163332630,54.1753237632
542,271,4,11,spray,True,end,12.3161510286,54.1753196999
543,272,4,11,turn,False,start,12.3161510286,54.1753196999
544,272,4,11,turn,False,end,12.3161710325,54.1753080084
545,273,4,11,spray,True,start,12.3161710325,54.1753080084
546,273,4,11,spray,True,end,12.3163171445,54.1753112663
547,274,4,11,turn,False,start,12.3163171445,54.1753112663
548,274,4,11,turn,False,end,12.3163010259,54.1752987694
549,275,4,11,spray,True,start,12.3163010259,54.1752987694
550,275,4,11,spray,True,end,12.3161910364,54.1752963169
551,276,5,12,transit,False,start,12.3161910364,54.1752963169
552,276,5,12,transit,False,end,12.3159947433,54.1751678587
553,277,5,12,spray,True,start,12.3159947433,54.1751678587
554,277,5,12,spray,True,end,12.3159469324,54.1751667925
555,278,5,12,turn,False,start,12.3159469324,54.1751667925
556,278,5,12,turn,False,end,12.3158732422,54.1751530117
557,279,5,12,spray,True,start,12.3158732422,54.1751530117
558,279,5,12,spray,True,end,12.3160790138,54.1751576003
559,280,5,12,turn,False,start,12.3160790138,54.1751576003
560,280,5,12,turn,False,end,12.3160844475,54.1751455839
561,281,5,12,spray,True,start,12.3160844475,54.1751455839
562,281,5,12,spray,True,end,12.3158533675,54.1751404310
563,282,5,12,turn,False,start,12.3158533675,54.1751404310
564,282,5,12,turn,False,end,12.3158390533,54.1751279743
565,283,5,12,spray,True,start,12.3158390533,54.1751279743
566,283,5,12,spray,True,end,12.3160898812,54.1751335675
567,284,5,12,turn,False,start,12.3160898812,54.1751335675
568,284,5,12,turn,False,end,12.3160953150,54.1751215512
569,285,5,12,spray,True,start,12.3160953150,54.1751215512
570,285,5,12,spray,True,end,12.3158417831,54.1751158976
571,286,5,12,turn,False,start,12.3158417831,54.1751158976
572,286,5,12,turn,False,end,12.3158445129,54.1751038210
573,287,5,12,spray,True,start,12.3158445129,54.1751038210
574,287,5,12,spray,True,end,12.3161007487,54.1751095348
575,288,5,12,turn,False,start,12.3161007487,54.1751095348
576,288,5,12,turn,False,end,12.3161061824,54.1750975185
577,289,5,12,spray,True,start,12.3161061824,54.1750975185
578,289,5,12,spray,True,end,12.3158472427,54.1750917443
579,290,5,12,turn,False,start,12.3158472427,54.1750917443
580,290,5,12,turn,False,end,12.3158499724,54.1750796677
581,291,5,12,spray,True,start,12.3158499724,54.1750796677
582,291,5,12,spray,True,end,12.3160805300,54.1750848089
583,292,5,12,turn,False,start,12.3160805300,54.1750848089
584,292,5,12,turn,False,end,12.3160476305,54.1750719378
585,293,5,12,spray,True,start,12.3160476305,54.1750719378
586,293,5,12,spray,True,end,12.3158527022,54.1750675910
587,294,5,12,turn,False,start,12.3158527022,54.1750675910
588,294,5,12,turn,False,end,12.3158663425,54.1750557577
589,295,5,12,spray,True,start,12.3158663425,54.1750557577
590,295,5,12,spray,True,end,12.3160147311,54.1750590667
591,296,5,12,turn,False,start,12.3160147311,54.1750590667
592,296,5,12,turn,False,end,12.3159230859,54.1750448855
593,297,5,12,spray,True,start,12.3159230859,54.1750448855
594,297,5,12,spray,True,end,12.3158863629,54.1750440666
595,298,6,13,transit,False,start,12.3158863629,54.1750440666
596,298,6,13,transit,False,end,12.3159917771,54.1747583972
597,299,6,13,spray,True,start,12.3159917771,54.1747583972
598,299,6,13,spray,True,end,12.3160293834,54.1747592357
599,300,6,13,turn,False,start,12.3160293834,54.1747592357
600,300,6,13,turn,False,end,12.3160783749,54.1747481907
601,301,6,13,spray,True,start,12.3160783749,54.1747481907
602,301,6,13,spray,True,end,12.3159584104,54.1747455156
603,302,6,13,turn,False,start,12.3159584104,54.1747455156
604,302,6,13,turn,False,end,12.3159250438,54.1747326340
605,303,6,13,spray,True,start,12.3159250438,54.1747326340
606,303,6,13,spray,True,end,12.3161248898,54.1747370903
607,304,6,13,turn,False,start,12.3161248898,54.1747370903
608,304,6,13,turn,False,end,12.3161423362,54.1747253418
609,305,6,13,spray,True,start,12.3161423362,54.1747253418
610,305,6,13,spray,True,end,12.3158954114,54.1747198357
611,306,6,13,turn,False,start,12.3158954114,54.1747198357
612,306,6,13,turn,False,end,12.3158790386,54.1747073330
613,307,6,13,spray,True,start,12.3158790386,54.1747073330
614,307,6,13,spray,True,end,12.3161597825,54.1747135933
615,308,6,13,turn,False,start,12.3161597825,54.1747135933
616,308,6,13,turn,False,end,12.3161772288,54.1747018448
617,309,6,13,spray,True,start,12.3161772288,54.1747018448
618,309,6,13,spray,True,end,12.3158626657,54.1746948304
619,310,6,13,turn,False,start,12.3158626657,54.1746948304
620,310,6,13,turn,False,end,12.3158462929,54.1746823278
621,311,6,13,spray,True,start,12.3158462929,54.1746823278
622,311,6,13,spray,True,end,12.3161946751,54.1746900963
623,312,6,13,turn,False,start,12.3161946751,54.1746900963
624,312,6,13,turn,False,end,12.3162121214,54.1746783478
625,313,6,13,spray,True,start,12.3162121214,54.1746783478
626,313,6,13,spray,True,end,12.3158338699,54.1746699132
627,314,6,13,turn,False,start,12.3158338699,54.1746699132
628,314,6,13,turn,False,end,12.3158297529,54.1746576839
629,315,6,13,spray,True,start,12.3158297529,54.1746576839
630,315,6,13,spray,True,end,12.3162295677,54.1746665993
631,316,6,13,turn,False,start,12.3162295677,54.1746665993
632,316,6,13,turn,False,end,12.3162360798,54.1746546069
633,317,6,13,spray,True,start,12.3162360798,54.1746546069
634,317,6,13,spray,True,end,12.3158256359,54.1746454545
635,318,6,13,turn,False,start,12.3158256359,54.1746454545
636,318,6,13,turn,False,end,12.3158215189,54.1746332252
637,319,6,13,spray,True,start,12.3158215189,54.1746332252
638,319,6,13,spray,True,end,12.3162418323,54.1746425977
639,320,6,13,turn,False,start,12.3162418323,54.1746425977
640,320,6,13,turn,False,end,12.3162475849,54.1746305884
641,321,6,13,spray,True,start,12.3162475849,54.1746305884
642,321,6,13,spray,True,end,12.3160602696,54.1746264117
643,322,6,13,turn,False,start,12.3160602696,54.1746264117
644,322,6,13,turn,False,end,12.3160400619,54.1746259611
645,323,6,13,spray,True,start,12.3160400619,54.1746259611
646,323,6,13,spray,True,end,12.3158209077,54.1746210740
647,324,6,13,turn,False,start,12.3158209077,54.1746210740
648,324,6,13,turn,False,end,12.3158250432,54.1746090287
649,325,6,13,spray,True,start,12.3158250432,54.1746090287
650,325,6,13,spray,True,end,12.3159753729,54.1746123811
651,326,6,13,turn,False,start,12.3159753729,54.1746123811
652,326,6,13,turn,False,end,12.3160817145,54.1746147524
653,327,6,13,spray,True,start,12.3160817145,54.1746147524
654,327,6,13,spray,True,end,12.3162533374,54.1746185792
655,328,6,13,turn,False,start,12.3162533374,54.1746185792
656,328,6,13,turn,False,end,12.3162590900,54.1746065699
657,329,6,13,spray,True,start,12.3162590900,54.1746065699
658,329,6,13,spray,True,end,12.3161031595,54.1746030930
659,330,6,13,turn,False,start,12.3161031595,54.1746030930
660,330,6,13,turn,False,end,12.3159624744,54.1745999559
661,331,6,13,spray,True,start,12.3159624744,54.1745999559
662,331,6,13,spray,True,end,12.3158291787,54.1745969834
663,332,6,13,turn,False,start,12.3158291787,54.1745969834
664,332,6,13,turn,False,end,12.3158333143,54.1745849381
665,333,6,13,spray,True,start,12.3158333143,54.1745849381
666,333,6,13,spray,True,end,12.3159495760,54.1745875308
667,334,6,13,turn,False,start,12.3159495760,54.1745875308
668,334,6,13,turn,False,end,12.3161125242,54.1745911643
669,335,6,13,spray,True,start,12.3161125242,54.1745911643
670,335,6,13,spray,True,end,12.3162648425,54.1745945606
671,336,6,13,turn,False,start,12.3162648425,54.1745945606
672,336,6,13,turn,False,end,12.3162705950,54.1745825514
673,337,6,13,spray,True,start,12.3162705950,54.1745825514
674,337,6,13,spray,True,end,12.3161171072,54.1745791290
675,338,6,13,turn,False,start,12.3161171072,54.1745791290
676,338,6,13,turn,False,end,12.3159366775,54.1745751056
677,339,6,13,spray,True,start,12.3159366775,54.1745751056
678,339,6,13,spray,True,end,12.3158374498,54.1745728928
679,340,6,13,turn,False,start,12.3158374498,54.1745728928
680,340,6,13,turn,False,end,12.3158736543,54.1745615627
681,341,6,13,spray,True,start,12.3158736543,54.1745615627
682,341,6,13,spray,True,end,12.3159237791,54.1745626805
683,342,6,13,turn,False,start,12.3159237791,54.1745626805
684,342,6,13,turn,False,end,12.3161216902,54.1745670937
685,343,6,13,spray,True,start,12.3161216902,54.1745670937
686,343,6,13,spray,True,end,12.3162763476,54.1745705421
687,344,6,13,turn,False,start,12.3162763476,54.1745705421
688,344,6,13,turn,False,end,12.3162821001,54.1745585329
689,345,6,13,spray,True,start,12.3162821001,54.1745585329
690,345,6,13,spray,True,end,12.3161262731,54.1745550583
691,346,6,13,turn,False,start,12.3161262731,54.1745550583
692,346,6,13,turn,False,end,12.3161308560,54.1745430230
693,347,6,13,spray,True,start,12.3161308560,54.1745430230
694,347,6,13,spray,True,end,12.3162878526,54.1745465236
695,348,6,13,turn,False,start,12.3162878526,54.1745465236
696,348,6,13,turn,False,end,12.3162936051,54.1745345144
697,349,6,13,spray,True,start,12.3162936051,54.1745345144
698,349,6,13,spray,True,end,12.3161354390,54.1745309877
699,350,6,13,turn,False,start,12.3161354390,54.1745309877
700,350,6,13,turn,False,end,12.3161400219,54.1745189523
701,351,6,13,spray,True,start,12.3161400219,54.1745189523
702,351,6,13,spray,True,end,12.3162993576,54.1745225051
703,352,6,13,turn,False,start,12.3162993576,54.1745225051
704,352,6,13,turn,False,end,12.3162919507,54.1745102024
705,353,6,13,spray,True,start,12.3162919507,54.1745102024
706,353,6,13,spray,True,end,12.3161446049,54.1745069170
707,354,6,13,turn,False,start,12.3161446049,54.1745069170
708,354,6,13,turn,False,end,12.3161491878,54.1744948817
709,355,6,13,spray,True,start,12.3161491878,54.1744948817
710,355,6,13,spray,True,end,12.3162821540,54.1744978465
711,356,6,13,turn,False,start,12.3162821540,54.1744978465
712,356,6,13,turn,False,end,12.3162567218,54.1744851419
713,357,6,13,spray,True,start,12.3162567218,54.1744851419
714,357,6,13,spray,True,end,12.3161812530,54.1744834591
715,358,7,15,transit,False,start,12.3161812530,54.1744834591
716,358,7,15,transit,False,end,12.3152926525,54.1735394578
717,359,7,15,spray,True,start,12.3152926525,54.1735394578
718,359,7,15,spray,True,end,12.3153202761,54.1735400740
719,360,7,15,turn,False,start,12.3153202761,54.1735400740
720,360,7,15,turn,False,end,12.3153513617,54.1735286298
721,361,7,15,spray,True,start,12.3153513617,54.1735286298
722,361,7,15,spray,True,end,12.3152152401,54.1735255936
723,362,7,15,turn,False,start,12.3152152401,54.1735255936
724,362,7,15,turn,False,end,12.3151912346,54.1735129206
725,363,7,15,spray,True,start,12.3151912346,54.1735129206
726,363,7,15,spray,True,end,12.3153746813,54.1735170124
727,364,7,15,turn,False,start,12.3153746813,54.1735170124
728,364,7,15,turn,False,end,12.3153764997,54.1735049154
729,365,7,15,spray,True,start,12.3153764997,54.1735049154
730,365,7,15,spray,True,end,12.3151672290,54.1735002476
731,366,7,15,turn,False,start,12.3151672290,54.1735002476
732,366,7,15,turn,False,end,12.3151524556,54.1734877805
733,367,7,15,spray,True,start,12.3151524556,54.1734877805
734,367,7,15,spray,True,end,12.3153783181,54.1734928185
735,368,7,15,turn,False,start,12.3153783181,54.1734928185
736,368,7,15,turn,False,end,12.3153801364,54.1734807215
737,369,7,15,spray,True,start,12.3153801364,54.1734807215
738,369,7,15,spray,True,end,12.3151506587,54.1734756029
739,370,7,15,turn,False,start,12.3151506587,54.1734756029
740,370,7,15,turn,False,end,12.3151488617,54.1734634253
741,371,7,15,spray,True,start,12.3151488617,54.1734634253
742,371,7,15,spray,True,end,12.3153819548,54.1734686245
743,372,7,15,turn,False,start,12.3153819548,54.1734686245
744,372,7,15,turn,False,end,12.3153837731,54.1734565276
745,373,7,15,spray,True,start,12.3153837731,54.1734565276
746,373,7,15,spray,True,end,12.3151584069,54.1734515007
747,374,7,15,turn,False,start,12.3151584069,54.1734515007
748,374,7,15,turn,False,end,12.3151712760,54.1734396502
749,375,7,15,spray,True,start,12.3151712760,54.1734396502
750,375,7,15,spray,True,end,12.3153855915,54.1734444306
751,376,7,15,turn,False,start,12.3153855915,54.1734444306
752,376,7,15,turn,False,end,12.3153874098,54.1734323336
753,377,7,15,spray,True,start,12.3153874098,54.1734323336
754,377,7,15,spray,True,end,12.3151841451,54.1734277997
755,378,7,15,turn,False,start,12.3151841451,54.1734277997
756,378,7,15,turn,False,end,12.3152176891,54.1734164104
757,379,7,15,spray,True,start,12.3152176891,54.1734164104
758,379,7,15,spray,True,end,12.3153757742,54.1734199366
759,380,7,15,turn,False,start,12.3153757742,54.1734199366
760,380,7,15,turn,False,end,12.3153378237,54.1734069526
761,381,7,15,spray,True,start,12.3153378237,54.1734069526
762,381,7,15,spray,True,end,12.3153065004,54.1734062539
763,382,8,16,transit,False,start,12.3153065004,54.1734062539
764,382,8,16,transit,False,end,12.3150679227,54.1730964198
765,383,8,16,spray,True,start,12.3150679227,54.1730964198
766,383,8,16,spray,True,end,12.3150954316,54.1730970335
767,384,8,16,turn,False,start,12.3150954316,54.1730970335
768,384,8,16,turn,False,end,12.3151370545,54.1730858244
769,385,8,16,spray,True,start,12.3151370545,54.1730858244
770,385,8,16,spray,True,end,12.3150407187,54.1730836755
771,386,8,16,turn,False,start,12.3150407187,54.1730836755
772,386,8,16,turn,False,end,12.3150135146,54.1730709311
773,387,8,16,spray,True,start,12.3150135146,54.1730709311
774,387,8,16,spray,True,end,12.3151786775,54.1730746154
775,388,8,16,turn,False,start,12.3151786775,54.1730746154
776,388,8,16,turn,False,end,12.3152000590,54.1730629548
777,389,8,16,spray,True,start,12.3152000590,54.1730629548
778,389,8,16,spray,True,end,12.3149863105,54.1730581867
779,390,8,16,turn,False,start,12.3149863105,54.1730581867
780,390,8,16,turn,False,end,12.3149649057,54.1730455716
781,391,8,16,spray,True,start,12.3149649057,54.1730455716
782,391,8,16,spray,True,end,12.3152054822,54.1730509382
783,392,8,16,turn,False,start,12.3152054822,54.1730509382
784,392,8,16,turn,False,end,12.3152109053,54.1730389217
785,393,8,16,spray,True,start,12.3152109053,54.1730389217
786,393,8,16,spray,True,end,12.3149567752,54.1730332527
787,394,8,16,turn,False,start,12.3149567752,54.1730332527
788,394,8,16,turn,False,end,12.3149486447,54.1730209338
789,395,8,16,spray,True,start,12.3149486447,54.1730209338
790,395,8,16,spray,True,end,12.3152163285,54.1730269051
791,396,8,16,turn,False,start,12.3152163285,54.1730269051
792,396,8,16,turn,False,end,12.3152217516,54.1730148885
793,397,8,16,spray,True,start,12.3152217516,54.1730148885
794,397,8,16,spray,True,end,12.3149405143,54.1730086149
795,398,8,16,turn,False,start,12.3149405143,54.1730086149
796,398,8,16,turn,False,end,12.3149323839,54.1729962960
797,399,8,16,spray,True,start,12.3149323839,54.1729962960
798,399,8,16,spray,True,end,12.3152271748,54.1730028720
799,400,8,16,turn,False,start,12.3152271748,54.1730028720
800,400,8,16,turn,False,end,12.3152325979,54.1729908554
801,401,8,16,spray,True,start,12.3152325979,54.1729908554
802,401,8,16,spray,True,end,12.3149242534,54.1729839771
803,402,8,16,turn,False,start,12.3149242534,54.1729839771
804,402,8,16,turn,False,end,12.3149165830,54.1729716685
805,403,8,16,spray,True,start,12.3149165830,54.1729716685
806,403,8,16,spray,True,end,12.3152380211,54.1729788389
807,404,8,16,turn,False,start,12.3152380211,54.1729788389
808,404,8,16,turn,False,end,12.3152434442,54.1729668223
809,405,8,16,spray,True,start,12.3152434442,54.1729668223
810,405,8,16,spray,True,end,12.3149246097,54.1729597100
811,406,8,16,turn,False,start,12.3149246097,54.1729597100
812,406,8,16,turn,False,end,12.3149326365,54.1729477515
813,407,8,16,spray,True,start,12.3149326365,54.1729477515
814,407,8,16,spray,True,end,12.3152488673,54.1729548057
815,408,8,16,turn,False,start,12.3152488673,54.1729548057
816,408,8,16,turn,False,end,12.3152484074,54.1729426579
817,409,8,16,spray,True,start,12.3152484074,54.1729426579
818,409,8,16,spray,True,end,12.3149406633,54.1729357931
819,410,8,16,turn,False,start,12.3149406633,54.1729357931
820,410,8,16,turn,False,end,12.3149486900,54.1729238346
821,411,8,16,spray,True,start,12.3149486900,54.1729238346
822,411,8,16,spray,True,end,12.3152468974,54.1729304867
823,412,8,16,turn,False,start,12.3152468974,54.1729304867
824,412,8,16,turn,False,end,12.3152453874,54.1729183155
825,413,8,16,spray,True,start,12.3152453874,54.1729183155
826,413,8,16,spray,True,end,12.3149567168,54.1729118761
827,414,8,16,turn,False,start,12.3149567168,54.1729118761
828,414,8,16,turn,False,end,12.3149647436,54.1728999177
829,415,8,16,spray,True,start,12.3149647436,54.1728999177
830,415,8,16,spray,True,end,12.3152438774,54.1729061443
831,416,8,16,turn,False,start,12.3152438774,54.1729061443
832,416,8,16,turn,False,end,12.3152339280,54.1728937849
833,417,8,16,spray,True,start,12.3152339280,54.1728937849
834,417,8,16,spray,True,end,12.3149801426,54.1728881237
835,418,8,16,turn,False,start,12.3149801426,54.1728881237
836,418,8,16,turn,False,end,12.3150000453,54.1728764301
837,419,8,16,spray,True,start,12.3150000453,54.1728764301
838,419,8,16,spray,True,end,12.3152201307,54.1728813396
839,420,8,16,turn,False,start,12.3152201307,54.1728813396
840,420,8,16,turn,False,end,12.3152063334,54.1728688943
841,421,8,16,spray,True,start,12.3152063334,54.1728688943
842,421,8,16,spray,True,end,12.3150199479,54.1728647366
843,422,8,16,turn,False,start,12.3150199479,54.1728647366
844,422,8,16,turn,False,end,12.3150398505,54.1728530430
845,423,8,16,spray,True,start,12.3150398505,54.1728530430
846,423,8,16,spray,True,end,12.3151787350,54.1728561411
847,424,8,16,turn,False,start,12.3151787350,54.1728561411
848,424,8,16,turn,False,end,12.3151215167,54.1728427273
849,425,8,16,spray,True,start,12.3151215167,54.1728427273
850,425,8,16,spray,True,end,12.3150698932,54.1728415757
851,426,9,17,transit,False,start,12.3150698932,54.1728415757
852,426,9,17,transit,False,end,12.3129708940,54.1722746497
853,427,9,17,spray,True,start,12.3129708940,54.1722746497
854,427,9,17,spray,True,end,12.3128882451,54.1722728045
855,428,9,17,turn,False,start,12.3128882451,54.1722728045
856,428,9,17,turn,False,end,12.3128791957,54.1722847400
857,429,9,17,spray,True,start,12.3128791957,54.1722847400
858,429,9,17,spray,True,end,12.3129832182,54.1722870623
859,430,9,17,turn,False,start,12.3129832182,54.1722870623
860,430,9,17,turn,False,end,12.3129955424,54.1722994750
861,431,9,17,spray,True,start,12.3129955424,54.1722994750
862,431,9,17,spray,True,end,12.3128701461,54.1722966755
863,432,9,17,turn,False,start,12.3128701461,54.1722966755
864,432,9,17,turn,False,end,12.3128610966,54.1723086110
865,433,9,17,spray,True,start,12.3128610966,54.1723086110
866,433,9,17,spray,True,end,12.3129985236,54.1723116791
867,434,9,17,turn,False,start,12.3129985236,54.1723116791
868,434,9,17,turn,False,end,12.3129964301,54.1723237699
869,435,9,17,spray,True,start,12.3129964301,54.1723237699
870,435,9,17,spray,True,end,12.3128454125,54.1723203984
871,436,9,17,turn,False,start,12.3128454125,54.1723203984
872,436,9,17,turn,False,end,12.3128194769,54.1723319569
873,437,9,17,spray,True,start,12.3128194769,54.1723319569
874,437,9,17,spray,True,end,12.3129943365,54.1723358607
875,438,9,17,turn,False,start,12.3129943365,54.1723358607
876,438,9,17,turn,False,end,12.3129922429,54.1723479515
877,439,9,17,spray,True,start,12.3129922429,54.1723479515
878,439,9,17,spray,True,end,12.3127935412,54.1723435154
879,440,9,17,turn,False,start,12.3127935412,54.1723435154
880,440,9,17,turn,False,end,12.3127733999,54.1723552032
881,441,9,17,spray,True,start,12.3127733999,54.1723552032
882,441,9,17,spray,True,end,12.3129901494,54.1723600423
883,442,9,17,turn,False,start,12.3129901494,54.1723600423
884,442,9,17,turn,False,end,12.3129880558,54.1723721331
885,443,9,17,spray,True,start,12.3129880558,54.1723721331
886,443,9,17,spray,True,end,12.3127638229,54.1723671269
887,444,9,17,turn,False,start,12.3127638229,54.1723671269
888,444,9,17,turn,False,end,12.3127542458,54.1723790507
889,445,9,17,spray,True,start,12.3127542458,54.1723790507
890,445,9,17,spray,True,end,12.3129859622,54.1723842239
891,446,9,17,turn,False,start,12.3129859622,54.1723842239
892,446,9,17,turn,False,end,12.3129838687,54.1723963147
893,447,9,17,spray,True,start,12.3129838687,54.1723963147
894,447,9,17,spray,True,end,12.3127465135,54.1723910156
895,448,9,17,turn,False,start,12.3127465135,54.1723910156
896,448,9,17,turn,False,end,12.3127443315,54.1724031044
897,449,9,17,spray,True,start,12.3127443315,54.1724031044
898,449,9,17,spray,True,end,12.3129817751,54.1724084055
899,450,9,17,turn,False,start,12.3129817751,54.1724084055
900,450,9,17,turn,False,end,12.3129796815,54.1724204963
901,451,9,17,spray,True,start,12.3129796815,54.1724204963
902,451,9,17,spray,True,end,12.3127421495,54.1724151932
903,452,9,17,turn,False,start,12.3127421495,54.1724151932
904,452,9,17,turn,False,end,12.3127399675,54.1724272820
905,453,9,17,spray,True,start,12.3127399675,54.1724272820
906,453,9,17,spray,True,end,12.3129750241,54.1724325299
907,454,9,17,turn,False,start,12.3129750241,54.1724325299
908,454,9,17,turn,False,end,12.3129607651,54.1724443491
909,455,9,17,spray,True,start,12.3129607651,54.1724443491
910,455,9,17,spray,True,end,12.3127377855,54.1724393708
911,456,9,17,turn,False,start,12.3127377855,54.1724393708
912,456,9,17,turn,False,end,12.3127506242,54.1724517950
913,457,9,17,spray,True,start,12.3127506242,54.1724517950
914,457,9,17,spray,True,end,12.3129465060,54.1724561683
915,458,9,17,turn,False,start,12.3129465060,54.1724561683
916,458,9,17,turn,False,end,12.3129207220,54.1724677302
917,459,9,17,spray,True,start,12.3129207220,54.1724677302
918,459,9,17,spray,True,end,12.3127900386,54.1724648125
919,460,10,18,transit,False,start,12.3127900386,54.1724648125
920,460,10,18,transit,False,end,12.3122643233,54.1722409978
921,461,10,18,spray,True,start,12.3122643233,54.1722409978
922,461,10,18,spray,True,end,12.3122917179,54.1722416095
923,462,10,18,turn,False,start,12.3122917179,54.1722416095
924,462,10,18,turn,False,end,12.3124470181,54.1722572149
925,463,10,18,spray,True,start,12.3124470181,54.1722572149
926,463,10,18,spray,True,end,12.3122222200,54.1722521951
927,464,10,18,turn,False,start,12.3122222200,54.1722521951
928,464,10,18,turn,False,end,12.3122092882,54.1722640438
929,465,10,18,spray,True,start,12.3122092882,54.1722640438
930,465,10,18,spray,True,end,12.3124652914,54.1722697604
931,466,10,18,turn,False,start,12.3124652914,54.1722697604
932,466,10,18,turn,False,end,12.3124763101,54.1722821440
933,467,10,18,spray,True,start,12.3124763101,54.1722821440
934,467,10,18,spray,True,end,12.3121979009,54.1722759271
935,468,10,18,turn,False,start,12.3121979009,54.1722759271
936,468,10,18,turn,False,end,12.3121865135,54.1722878103
937,469,10,18,spray,True,start,12.3121865135,54.1722878103
938,469,10,18,spray,True,end,12.3124873288,54.1722945276
939,470,10,18,turn,False,start,12.3124873288,54.1722945276
940,470,10,18,turn,False,end,12.3124983474,54.1723069112
941,471,10,18,spray,True,start,12.3124983474,54.1723069112
942,471,10,18,spray,True,end,12.3121751261,54.1722996936
943,472,10,18,turn,False,start,12.3121751261,54.1722996936
944,472,10,18,turn,False,end,12.3121637387,54.1723115768
945,473,10,18,spray,True,start,12.3121637387,54.1723115768
946,473,10,18,spray,True,end,12.3124991446,54.1723190665
947,474,10,18,turn,False,start,12.3124991446,54.1723190665
948,474,10,18,turn,False,end,12.3124971922,54.1723311605
949,475,10,18,spray,True,start,12.3124971922,54.1723311605
950,475,10,18,spray,True,end,12.3121641222,54.1723237229
951,476,10,18,turn,False,start,12.3121641222,54.1723237229
952,476,10,18,turn,False,end,12.3121654018,54.1723358890
953,477,10,18,spray,True,start,12.3121654018,54.1723358890
954,477,10,18,spray,True,end,12.3124952398,54.1723432544
955,478,10,18,turn,False,start,12.3124952398,54.1723432544
956,478,10,18,turn,False,end,12.3124932874,54.1723553483
957,479,10,18,spray,True,start,12.3124932874,54.1723553483
958,479,10,18,spray,True,end,12.3121666813,54.1723480551
959,480,10,18,turn,False,start,12.3121666813,54.1723480551
960,480,10,18,turn,False,end,12.3121679609,54.1723602213
961,481,10,18,spray,True,start,12.3121679609,54.1723602213
962,481,10,18,spray,True,end,12.3124913350,54.1723674423
963,482,10,18,turn,False,start,12.3124913350,54.1723674423
964,482,10,18,turn,False,end,12.3124893825,54.1723795362
965,483,10,18,spray,True,start,12.3124893825,54.1723795362
966,483,10,18,spray,True,end,12.3121692404,54.1723723874
967,484,10,18,turn,False,start,12.3121692404,54.1723723874
968,484,10,18,turn,False,end,12.3121705200,54.1723845535
969,485,10,18,spray,True,start,12.3121705200,54.1723845535
970,485,10,18,spray,True,end,12.3124874301,54.1723916302
971,486,10,18,turn,False,start,12.3124874301,54.1723916302
972,486,10,18,turn,False,end,12.3124854777,54.1724037241
973,487,10,18,spray,True,start,12.3124854777,54.1724037241
974,487,10,18,spray,True,end,12.3121717995,54.1723967196
975,488,10,18,turn,False,start,12.3121717995,54.1723967196
976,488,10,18,turn,False,end,12.3121730791,54.1724088857
977,489,10,18,spray,True,start,12.3121730791,54.1724088857
978,489,10,18,spray,True,end,12.3124771170,54.1724156750
979,490,10,18,turn,False,start,12.3124771170,54.1724156750
980,490,10,18,turn,False,end,12.3124644258,54.1724275291
981,491,10,18,spray,True,start,12.3124644258,54.1724275291
982,491,10,18,spray,True,end,12.3121743587,54.1724210518
983,492,10,18,turn,False,start,12.3121743587,54.1724210518
984,492,10,18,turn,False,end,12.3121756382,54.1724332179
985,493,10,18,spray,True,start,12.3121756382,54.1724332179
986,493,10,18,spray,True,end,12.3124517346,54.1724393833
987,494,10,18,turn,False,start,12.3124517346,54.1724393833
988,494,10,18,turn,False,end,12.3124390435,54.1724512374
989,495,10,18,spray,True,start,12.3124390435,54.1724512374
990,495,10,18,spray,True,end,12.3121769178,54.1724453841
991,496,10,18,turn,False,start,12.3121769178,54.1724453841
992,496,10,18,turn,False,end,12.3121727078,54.1724574276
993,497,10,18,spray,True,start,12.3121727078,54.1724574276
994,497,10,18,spray,True,end,12.3124263523,54.1724630916
995,498,10,18,turn,False,start,12.3124263523,54.1724630916
996,498,10,18,turn,False,end,12.3124136611,54.1724749457
997,499,10,18,spray,True,start,12.3124136611,54.1724749457
998,499,10,18,spray,True,end,12.3121661370,54.1724694184
999,500,10,18,turn,False,start,12.3121661370,54.1724694184
1000,500,10,18,turn,False,end,12.3121595663,54.1724814092
1001,501,10,18,spray,True,start,12.3121595663,54.1724814092
1002,501,10,18,spray,True,end,12.3124009699,54.1724867999
1003,502,10,18,turn,False,start,12.3124009699,54.1724867999
1004,502,10,18,turn,False,end,12.3123882787,54.1724986540
1005,503,10,18,spray,True,start,12.3123882787,54.1724986540
1006,503,10,18,spray,True,end,12.3121529956,54.1724934000
1007,504,10,18,turn,False,start,12.3121529956,54.1724934000
1008,504,10,18,turn,False,end,12.3121464249,54.1725053908
1009,505,10,18,spray,True,start,12.3121464249,54.1725053908
1010,505,10,18,spray,True,end,12.3123840925,54.1725106981
1011,506,10,18,turn,False,start,12.3123840925,54.1725106981
1012,506,10,18,turn,False,end,12.3123820083,54.1725227891
1013,507,10,18,spray,True,start,12.3123820083,54.1725227891
1014,507,10,18,spray,True,end,12.3121482124,54.1725175683
1015,508,10,18,turn,False,start,12.3121482124,54.1725175683
1016,508,10,18,turn,False,end,12.3121528626,54.1725298096
1017,509,10,18,spray,True,start,12.3121528626,54.1725298096
1018,509,10,18,spray,True,end,12.3123799241,54.1725348801
1019,510,10,18,turn,False,start,12.3123799241,54.1725348801
1020,510,10,18,turn,False,end,12.3123778399,54.1725469711
1021,511,10,18,spray,True,start,12.3123778399,54.1725469711
1022,511,10,18,spray,True,end,12.3121575128,54.1725420510
1023,512,10,18,turn,False,start,12.3121575128,54.1725420510
1024,512,10,18,turn,False,end,12.3121621630,54.1725542924
1025,513,10,18,spray,True,start,12.3121621630,54.1725542924
1026,513,10,18,spray,True,end,12.3123757558,54.1725590621
1027,514,10,18,turn,False,start,12.3123757558,54.1725590621
1028,514,10,18,turn,False,end,12.3123736716,54.1725711531
1029,515,10,18,spray,True,start,12.3123736716,54.1725711531
1030,515,10,18,spray,True,end,12.3121584435,54.1725663469
1031,516,10,18,turn,False,start,12.3121584435,54.1725663469
1032,516,10,18,turn,False,end,12.3121545493,54.1725783975
1033,517,10,18,spray,True,start,12.3121545493,54.1725783975
1034,517,10,18,spray,True,end,12.3123715874,54.1725832441
1035,518,10,18,turn,False,start,12.3123715874,54.1725832441
1036,518,10,18,turn,False,end,12.3123695033,54.1725953351
1037,519,10,18,spray,True,start,12.3123695033,54.1725953351
1038,519,10,18,spray,True,end,12.3121506550,54.1725904480
1039,520,10,18,turn,False,start,12.3121506550,54.1725904480
1040,520,10,18,turn,False,end,12.3121467608,54.1726024986
1041,521,10,18,spray,True,start,12.3121467608,54.1726024986
1042,521,10,18,spray,True,end,12.3123674191,54.1726074261
1043,522,10,18,turn,False,start,12.3123674191,54.1726074261
1044,522,10,18,turn,False,end,12.3123653349,54.1726195171
1045,523,10,18,spray,True,start,12.3123653349,54.1726195171
1046,523,10,18,spray,True,end,12.3121428665,54.1726145492
1047,524,10,18,turn,False,start,12.3121428665,54.1726145492
1048,524,10,18,turn,False,end,12.3121389723,54.1726265998
1049,525,10,18,spray,True,start,12.3121389723,54.1726265998
1050,525,10,18,spray,True,end,12.3123632507,54.1726316081
1051,526,10,18,turn,False,start,12.3123632507,54.1726316081
1052,526,10,18,turn,False,end,12.3123611665,54.1726436991
1053,527,10,18,spray,True,start,12.3123611665,54.1726436991
1054,527,10,18,spray,True,end,12.3121350780,54.1726386503
1055,528,10,18,turn,False,start,12.3121350780,54.1726386503
1056,528,10,18,turn,False,end,12.3121276623,54.1726506223
1057,529,10,18,spray,True,start,12.3121276623,54.1726506223
1058,529,10,18,spray,True,end,12.3123581233,54.1726557687
1059,530,10,18,turn,False,start,12.3123581233,54.1726557687
1060,530,10,18,turn,False,end,12.3123508443,54.1726677437
1061,531,10,18,spray,True,start,12.3123508443,54.1726677437
1062,531,10,18,spray,True,end,12.3121169292,54.1726625201
1063,532,10,18,turn,False,start,12.3121169292,54.1726625201
1064,532,10,18,turn,False,end,12.3121061961,54.1726744180
1065,533,10,18,spray,True,start,12.3121061961,54.1726744180
1066,533,10,18,spray,True,end,12.3123435653,54.1726797186
1067,534,10,18,turn,False,start,12.3123435653,54.1726797186
1068,534,10,18,turn,False,end,12.3123362863,54.1726916936
1069,535,10,18,spray,True,start,12.3123362863,54.1726916936
1070,535,10,18,spray,True,end,12.3120954630,54.1726863158
1071,536,10,18,turn,False,start,12.3120954630,54.1726863158
1072,536,10,18,turn,False,end,12.3121032713,54.1726986277
1073,537,10,18,spray,True,start,12.3121032713,54.1726986277
1074,537,10,18,spray,True,end,12.3123290073,54.1727036686
1075,538,10,18,turn,False,start,12.3123290073,54.1727036686
1076,538,10,18,turn,False,end,12.3123217283,54.1727156436
1077,539,10,18,spray,True,start,12.3123217283,54.1727156436
1078,539,10,18,spray,True,end,12.3121121020,54.1727109625
1079,540,10,18,turn,False,start,12.3121121020,54.1727109625
1080,540,10,18,turn,False,end,12.3121209327,54.1727232972
1081,541,10,18,spray,True,start,12.3121209327,54.1727232972
1082,541,10,18,spray,True,end,12.3123144493,54.1727276186
1083,542,10,18,turn,False,start,12.3123144493,54.1727276186
1084,542,10,18,turn,False,end,12.3122992511,54.1727394168
1085,543,10,18,spray,True,start,12.3122992511,54.1727394168
1086,543,10,18,spray,True,end,12.3121404087,54.1727358697
1087,544,10,18,turn,False,start,12.3121404087,54.1727358697
1088,544,10,18,turn,False,end,12.3122407415,54.1727502478
1089,545,10,18,spray,True,start,12.3122407415,54.1727502478
1090,545,10,18,spray,True,end,12.3122600986,54.1727506800
1091,546,11,14,transit,False,start,12.3122600986,54.1727506800
1092,546,11,14,transit,False,end,12.3138275883,54.1740708544
1093,547,11,14,spray,True,start,12.3138275883,54.1740708544
1094,547,11,14,spray,True,end,12.3138950926,54.1740723609
1095,548,11,14,turn,False,start,12.3138950926,54.1740723609
1096,548,11,14,turn,False,end,12.3139285479,54.1740852450
1097,549,11,14,spray,True,start,12.3139285479,54.1740852450
1098,549,11,14,spray,True,end,12.3136477539,54.1740789783
1099,550,11,14,turn,False,start,12.3136477539,54.1740789783
1100,550,11,14,turn,False,end,12.3136038111,54.1740901351
1101,551,11,14,spray,True,start,12.3136038111,54.1740901351
1102,551,11,14,spray,True,end,12.3139620032,54.1740981291
1103,552,11,14,turn,False,start,12.3139620032,54.1740981291
1104,552,11,14,turn,False,end,12.3139954585,54.1741110133
1105,553,11,14,spray,True,start,12.3139954585,54.1741110133
1106,553,11,14,spray,True,end,12.3135850348,54.1741018536
1107,554,11,14,turn,False,start,12.3135850348,54.1741018536
1108,554,11,14,turn,False,end,12.3135698201,54.1741136515
1109,555,11,14,spray,True,start,12.3135698201,54.1741136515
1110,555,11,14,spray,True,end,12.3140289138,54.1741238974
1111,556,11,14,turn,False,start,12.3140289138,54.1741238974
1112,556,11,14,turn,False,end,12.3140623692,54.1741367815
1113,557,11,14,spray,True,start,12.3140623692,54.1741367815
1114,557,11,14,spray,True,end,12.3135546053,54.1741254495
1115,558,11,14,turn,False,start,12.3135546053,54.1741254495
1116,558,11,14,turn,False,end,12.3135393905,54.1741372474
1117,559,11,14,spray,True,start,12.3135393905,54.1741372474
1118,559,11,14,spray,True,end,12.3140958246,54.1741496656
1119,560,11,14,turn,False,start,12.3140958246,54.1741496656
1120,560,11,14,turn,False,end,12.3141248721,54.1741624513
1121,561,11,14,spray,True,start,12.3141248721,54.1741624513
1122,561,11,14,spray,True,end,12.3135334761,54.1741492529
1123,562,11,14,turn,False,start,12.3135334761,54.1741492529
1124,562,11,14,turn,False,end,12.3135326901,54.1741613729
1125,563,11,14,spray,True,start,12.3135326901,54.1741613729
1126,563,11,14,spray,True,end,12.3141341291,54.1741747954
1127,564,11,14,turn,False,start,12.3141341291,54.1741747954
1128,564,11,14,turn,False,end,12.3141433862,54.1741871395
1129,565,11,14,spray,True,start,12.3141433862,54.1741871395
1130,565,11,14,spray,True,end,12.3135330293,54.1741735180
1131,566,11,14,turn,False,start,12.3135330293,54.1741735180
1132,566,11,14,turn,False,end,12.3135406188,54.1741858250
1133,567,11,14,spray,True,start,12.3135406188,54.1741858250
1134,567,11,14,spray,True,end,12.3141526432,54.1741994836
1135,568,11,14,turn,False,start,12.3141526432,54.1741994836
1136,568,11,14,turn,False,end,12.3141619002,54.1742118277
1137,569,11,14,spray,True,start,12.3141619002,54.1742118277
1138,569,11,14,spray,True,end,12.3135482083,54.1741981319
1139,570,11,14,turn,False,start,12.3135482083,54.1741981319
1140,570,11,14,turn,False,end,12.3135557979,54.1742104388
1141,571,11,14,spray,True,start,12.3135557979,54.1742104388
1142,571,11,14,spray,True,end,12.3141805009,54.1742243803
1143,572,11,14,turn,False,start,12.3141805009,54.1742243803
1144,572,11,14,turn,False,end,12.3142116950,54.1742372139
1145,573,11,14,spray,True,start,12.3142116950,54.1742372139
1146,573,11,14,spray,True,end,12.3135633874,54.1742227457
1147,574,11,14,turn,False,start,12.3135633874,54.1742227457
1148,574,11,14,turn,False,end,12.3135709769,54.1742350527
1149,575,11,14,spray,True,start,12.3135709769,54.1742350527
1150,575,11,14,spray,True,end,12.3142428890,54.1742500475
1151,576,11,14,turn,False,start,12.3142428890,54.1742500475
1152,576,11,14,turn,False,end,12.3142740831,54.1742628811
1153,577,11,14,spray,True,start,12.3142740831,54.1742628811
1154,577,11,14,spray,True,end,12.3135785665,54.1742473596
1155,578,11,14,turn,False,start,12.3135785665,54.1742473596
1156,578,11,14,turn,False,end,12.3135861560,54.1742596665
1157,579,11,14,spray,True,start,12.3135861560,54.1742596665
1158,579,11,14,spray,True,end,12.3143052772,54.1742757146
1159,580,11,14,turn,False,start,12.3143052772,54.1742757146
1160,580,11,14,turn,False,end,12.3143265837,54.1742883276
1161,581,11,14,spray,True,start,12.3143265837,54.1742883276
1162,581,11,14,spray,True,end,12.3135937455,54.1742719734
1163,582,11,14,turn,False,start,12.3135937455,54.1742719734
1164,582,11,14,turn,False,end,12.3136013351,54.1742842804
1165,583,11,14,spray,True,start,12.3136013351,54.1742842804
1166,583,11,14,spray,True,end,12.3143413981,54.1743007957
1167,584,11,14,turn,False,start,12.3143413981,54.1743007957
1168,584,11,14,turn,False,end,12.3143562124,54.1743132637
1169,585,11,14,spray,True,start,12.3143562124,54.1743132637
1170,585,11,14,spray,True,end,12.3136128362,54.1742966746
1171,586,11,14,turn,False,start,12.3136128362,54.1742966746
1172,586,11,14,turn,False,end,12.3136313624,54.1743092256
1173,587,11,14,spray,True,start,12.3136313624,54.1743092256
1174,587,11,14,spray,True,end,12.3143645050,54.1743255863
1175,588,11,14,turn,False,start,12.3143645050,54.1743255863
1176,588,11,14,turn,False,end,12.3143615379,54.1743376576
1177,589,11,14,spray,True,start,12.3143615379,54.1743376576
1178,589,11,14,spray,True,end,12.3136498887,54.1743217766
1179,590,11,14,turn,False,start,12.3136498887,54.1743217766
1180,590,11,14,turn,False,end,12.3136684150,54.1743343276
1181,591,11,14,spray,True,start,12.3136684150,54.1743343276
1182,591,11,14,spray,True,end,12.3143585707,54.1743497289
1183,592,11,14,turn,False,start,12.3143585707,54.1743497289
1184,592,11,14,turn,False,end,12.3143556035,54.1743618003
1185,593,11,14,spray,True,start,12.3143556035,54.1743618003
1186,593,11,14,spray,True,end,12.3136869413,54.1743468786
1187,594,11,14,turn,False,start,12.3136869413,54.1743468786
1188,594,11,14,turn,False,end,12.3137054676,54.1743594297
1189,595,11,14,spray,True,start,12.3137054676,54.1743594297
1190,595,11,14,spray,True,end,12.3143526364,54.1743738716
1191,596,11,14,turn,False,start,12.3143526364,54.1743738716
1192,596,11,14,turn,False,end,12.3143496692,54.1743859429
1193,597,11,14,spray,True,start,12.3143496692,54.1743859429
1194,597,11,14,spray,True,end,12.3137341156,54.1743722066
1195,598,11,14,turn,False,start,12.3137341156,54.1743722066
1196,598,11,14,turn,False,end,12.3137887578,54.1743855636
1197,599,11,14,spray,True,start,12.3137887578,54.1743855636
1198,599,11,14,spray,True,end,12.3143467020,54.1743980142
1199,600,11,14,turn,False,start,12.3143467020,54.1743980142
1200,600,11,14,turn,False,end,12.3143437348,54.1744100856
1201,601,11,14,spray,True,start,12.3143437348,54.1744100856
1202,601,11,14,spray,True,end,12.3138434002,54.1743989206
1203,602,11,14,turn,False,start,12.3138434002,54.1743989206
1204,602,11,14,turn,False,end,12.3138786423,54.1744118446
1205,603,11,14,spray,True,start,12.3138786423,54.1744118446
1206,603,11,14,spray,True,end,12.3143407677,54.1744221569
1207,604,11,14,turn,False,start,12.3143407677,54.1744221569
1208,604,11,14,turn,False,end,12.3143378005,54.1744342282
1209,605,11,14,spray,True,start,12.3143378005,54.1744342282
1210,605,11,14,spray,True,end,12.3138993593,54.1744244445
1211,606,11,14,turn,False,start,12.3138993593,54.1744244445
1212,606,11,14,turn,False,end,12.3139200763,54.1744370443
1213,607,11,14,spray,True,start,12.3139200763,54.1744370443
1214,607,11,14,spray,True,end,12.3143348333,54.1744462995
1215,608,11,14,turn,False,start,12.3143348333,54.1744462995
1216,608,11,14,turn,False,end,12.3143090922,54.1744578627
1217,609,11,14,spray,True,start,12.3143090922,54.1744578627
1218,609,11,14,spray,True,end,12.3141438034,54.1744541745
1219,610,11,14,turn,False,start,12.3141438034,54.1744541745
1220,610,11,14,turn,False,end,12.3142352482,54.1744683525
1221,611,11,14,spray,True,start,12.3142352482,54.1744683525
1222,611,11,14,spray,True,end,12.3142749845,54.1744692392
1223,612,12,7,transit,False,start,12.3142749845,54.1744692392
1224,612,12,7,transit,False,end,12.3176883949,54.1762495253
1225,613,12,7,spray,True,start,12.3176883949,54.1762495253
1226,613,12,7,spray,True,end,12.3177512747,54.1762509265
1227,614,12,7,turn,False,start,12.3177512747,54.1762509265
1228,614,12,7,turn,False,end,12.3177833672,54.1762637792
1229,615,12,7,spray,True,start,12.3177833672,54.1762637792
1230,615,12,7,spray,True,end,12.3176531570,54.1762608775
1231,616,12,7,turn,False,start,12.3176531570,54.1762608775
1232,616,12,7,turn,False,end,12.3176291290,54.1762724796
1233,617,12,7,spray,True,start,12.3176291290,54.1762724796
1234,617,12,7,spray,True,end,12.3178154597,54.1762766318
1235,618,12,7,turn,False,start,12.3178154597,54.1762766318
1236,618,12,7,turn,False,end,12.3178475523,54.1762894845
1237,619,12,7,spray,True,start,12.3178475523,54.1762894845
1238,619,12,7,spray,True,end,12.3176105052,54.1762842020
1239,620,12,7,turn,False,start,12.3176105052,54.1762842020
1240,620,12,7,turn,False,end,12.3176025686,54.1762961627
1241,621,12,7,spray,True,start,12.3176025686,54.1762961627
1242,621,12,7,spray,True,end,12.3178796449,54.1763023371
1243,622,12,7,turn,False,start,12.3178796449,54.1763023371
1244,622,12,7,turn,False,end,12.3179117375,54.1763151897
1245,623,12,7,spray,True,start,12.3179117375,54.1763151897
1246,623,12,7,spray,True,end,12.3175946320,54.1763081233
1247,624,12,7,turn,False,start,12.3175946320,54.1763081233
1248,624,12,7,turn,False,end,12.3175866955,54.1763200840
1249,625,12,7,spray,True,start,12.3175866955,54.1763200840
1250,625,12,7,spray,True,end,12.3179438301,54.1763280424
1251,626,12,7,turn,False,start,12.3179438301,54.1763280424
1252,626,12,7,turn,False,end,12.3179759227,54.1763408950
1253,627,12,7,spray,True,start,12.3179759227,54.1763408950
1254,627,12,7,spray,True,end,12.3175787589,54.1763320446
1255,628,12,7,turn,False,start,12.3175787589,54.1763320446
1256,628,12,7,turn,False,end,12.3175621688,54.1763438124
1257,629,12,7,spray,True,start,12.3175621688,54.1763438124
1258,629,12,7,spray,True,end,12.3179954256,54.1763534671
1259,630,12,7,turn,False,start,12.3179954256,54.1763534671
1260,630,12,7,turn,False,end,12.3180030036,54.1763657734
1261,631,12,7,spray,True,start,12.3180030036,54.1763657734
1262,631,12,7,spray,True,end,12.3175070139,54.1763547208
1263,632,12,7,turn,False,start,12.3175070139,54.1763547208
1264,632,12,7,turn,False,end,12.3171136050,54.1763459526
1265,633,12,7,spray,True,start,12.3171136050,54.1763459526
1266,633,12,7,spray,True,end,12.3170809818,54.1763452254
1267,634,12,7,turn,False,start,12.3170809818,54.1763452254
1268,634,12,7,turn,False,end,12.3170232653,54.1763560764
1269,635,12,7,spray,True,start,12.3170232653,54.1763560764
1270,635,12,7,spray,True,end,12.3171394176,54.1763586654
1271,636,12,7,turn,False,start,12.3171394176,54.1763586654
1272,636,12,7,turn,False,end,12.3174780768,54.1763662134
1273,637,12,7,spray,True,start,12.3174780768,54.1763662134
1274,637,12,7,spray,True,end,12.3180105815,54.1763780798
1275,638,12,7,turn,False,start,12.3180105815,54.1763780798
1276,638,12,7,turn,False,end,12.3180109296,54.1763902251
1277,639,12,7,spray,True,start,12.3180109296,54.1763902251
1278,639,12,7,spray,True,end,12.3174511693,54.1763777512
1279,640,12,7,turn,False,start,12.3174511693,54.1763777512
1280,640,12,7,turn,False,end,12.3171652302,54.1763713783
1281,641,12,7,spray,True,start,12.3171652302,54.1763713783
1282,641,12,7,spray,True,end,12.3169655488,54.1763669274
1283,642,12,7,turn,False,start,12.3169655488,54.1763669274
1284,642,12,7,turn,False,end,12.3169291702,54.1763782540
1285,643,12,7,spray,True,start,12.3169291702,54.1763782540
1286,643,12,7,spray,True,end,12.3171910429,54.1763840911
1287,644,12,7,turn,False,start,12.3171910429,54.1763840911
1288,644,12,7,turn,False,end,12.3174242618,54.1763892891
1289,645,12,7,spray,True,start,12.3174242618,54.1763892891
1290,645,12,7,spray,True,end,12.3180087254,54.1764023135
1291,646,12,7,turn,False,start,12.3180087254,54.1764023135
1292,646,12,7,turn,False,end,12.3180065213,54.1764144019
1293,647,12,7,spray,True,start,12.3180065213,54.1764144019
1294,647,12,7,spray,True,end,12.3173973542,54.1764008269
1295,648,12,7,turn,False,start,12.3173973542,54.1764008269
1296,648,12,7,turn,False,end,12.3172168555,54.1763968040
1297,649,12,7,spray,True,start,12.3172168555,54.1763968040
1298,649,12,7,spray,True,end,12.3169225110,54.1763902431
1299,650,12,7,turn,False,start,12.3169225110,54.1763902431
1300,650,12,7,turn,False,end,12.3169158519,54.1764022322
1301,651,12,7,spray,True,start,12.3169158519,54.1764022322
1302,651,12,7,spray,True,end,12.3172426682,54.1764095168
1303,652,12,7,turn,False,start,12.3172426682,54.1764095168
1304,652,12,7,turn,False,end,12.3173704466,54.1764123647
1305,653,12,7,spray,True,start,12.3173704466,54.1764123647
1306,653,12,7,spray,True,end,12.3180043171,54.1764264903
1307,654,12,7,turn,False,start,12.3180043171,54.1764264903
1308,654,12,7,turn,False,end,12.3180021130,54.1764385787
1309,655,12,7,spray,True,start,12.3180021130,54.1764385787
1310,655,12,7,spray,True,end,12.3169091928,54.1764142213
1311,656,12,7,turn,False,start,12.3169091928,54.1764142213
1312,656,12,7,turn,False,end,12.3169025336,54.1764262104
1313,657,12,7,spray,True,start,12.3169025336,54.1764262104
1314,657,12,7,spray,True,end,12.3179999088,54.1764506671
1315,658,12,7,turn,False,start,12.3179999088,54.1764506671
1316,658,12,7,turn,False,end,12.3179977047,54.1764627555
1317,659,12,7,spray,True,start,12.3179977047,54.1764627555
1318,659,12,7,spray,True,end,12.3168958745,54.1764381994
1319,660,12,7,turn,False,start,12.3168958745,54.1764381994
1320,660,12,7,turn,False,end,12.3168892153,54.1764501885
1321,661,12,7,spray,True,start,12.3168892153,54.1764501885
1322,661,12,7,spray,True,end,12.3179955005,54.1764748439
1323,662,12,7,turn,False,start,12.3179955005,54.1764748439
1324,662,12,7,turn,False,end,12.3179944936,54.1764869589
1325,663,12,7,spray,True,start,12.3179944936,54.1764869589
1326,663,12,7,spray,True,end,12.3168860047,54.1764622545
1327,664,12,7,turn,False,start,12.3168860047,54.1764622545
1328,664,12,7,turn,False,end,12.3168844173,54.1764743566
1329,665,12,7,spray,True,start,12.3168844173,54.1764743566
1330,665,12,7,spray,True,end,12.3180063069,54.1764993597
1331,666,12,7,turn,False,start,12.3180063069,54.1764993597
1332,666,12,7,turn,False,end,12.3180181201,54.1765117604
1333,667,12,7,spray,True,start,12.3180181201,54.1765117604
1334,667,12,7,spray,True,end,12.3168828299,54.1764864587
1335,668,12,7,turn,False,start,12.3168828299,54.1764864587
1336,668,12,7,turn,False,end,12.3168812425,54.1764985609
1337,669,12,7,spray,True,start,12.3168812425,54.1764985609
1338,669,12,7,spray,True,end,12.3180372217,54.1765243235
1339,670,12,7,turn,False,start,12.3180372217,54.1765243235
1340,670,12,7,turn,False,end,12.3180683673,54.1765371550
1341,671,12,7,spray,True,start,12.3180683673,54.1765371550
1342,671,12,7,spray,True,end,12.3168796551,54.1765106630
1343,672,12,7,turn,False,start,12.3168796551,54.1765106630
1344,672,12,7,turn,False,end,12.3168780677,54.1765227651
1345,673,12,7,spray,True,start,12.3168780677,54.1765227651
1346,673,12,7,spray,True,end,12.3180995128,54.1765499865
1347,674,12,7,turn,False,start,12.3180995128,54.1765499865
1348,674,12,7,turn,False,end,12.3181141288,54.1765624497
1349,675,12,7,spray,True,start,12.3181141288,54.1765624497
1350,675,12,7,spray,True,end,12.3168764803,54.1765348673
1351,676,12,7,turn,False,start,12.3168764803,54.1765348673
1352,676,12,7,turn,False,end,12.3168949317,54.1765474161
1353,677,12,7,spray,True,start,12.3168949317,54.1765474161
1354,677,12,7,spray,True,end,12.3181101365,54.1765744982
1355,678,12,7,turn,False,start,12.3181101365,54.1765744982
1356,678,12,7,turn,False,end,12.3181061442,54.1765865468
1357,679,12,7,spray,True,start,12.3181061442,54.1765865468
1358,679,12,7,spray,True,end,12.3169162225,54.1765600282
1359,680,12,7,turn,False,start,12.3169162225,54.1765600282
1360,680,12,7,turn,False,end,12.3169375133,54.1765726403
1361,681,12,7,spray,True,start,12.3169375133,54.1765726403
1362,681,12,7,spray,True,end,12.3181021519,54.1765985954
1363,682,12,7,turn,False,start,12.3181021519,54.1765985954
1364,682,12,7,turn,False,end,12.3180981596,54.1766106439
1365,683,12,7,spray,True,start,12.3180981596,54.1766106439
1366,683,12,7,spray,True,end,12.3169588042,54.1765852524
1367,684,12,7,turn,False,start,12.3169588042,54.1765852524
1368,684,12,7,turn,False,end,12.3171391806,54.1766014105
1369,685,12,7,spray,True,start,12.3171391806,54.1766014105
1370,685,12,7,spray,True,end,12.3172953892,54.1766048921
1371,686,12,7,turn,False,start,12.3172953892,54.1766048921
1372,686,12,7,turn,False,end,12.3173381605,54.1766058454
1373,687,12,7,spray,True,start,12.3173381605,54.1766058454
1374,687,12,7,spray,True,end,12.3180941673,54.1766226925
1375,688,12,7,turn,False,start,12.3180941673,54.1766226925
1376,688,12,7,turn,False,end,12.3180901750,54.1766347410
1377,689,12,7,spray,True,start,12.3180901750,54.1766347410
1378,689,12,7,spray,True,end,12.3173630450,54.1766185375
1379,690,12,7,turn,False,start,12.3173630450,54.1766185375
1380,690,12,7,turn,False,end,12.3173841596,54.1766311456
1381,691,12,7,spray,True,start,12.3173841596,54.1766311456
1382,691,12,7,spray,True,end,12.3180861827,54.1766467896
1383,692,12,7,turn,False,start,12.3180861827,54.1766467896
1384,692,12,7,turn,False,end,12.3180821904,54.1766588382
1385,693,12,7,spray,True,start,12.3180821904,54.1766588382
1386,693,12,7,spray,True,end,12.3178853201,54.1766544515
1387,694,12,7,turn,False,start,12.3178853201,54.1766544515
1388,694,12,7,turn,False,end,12.3178211184,54.1766530209
1389,695,12,7,spray,True,start,12.3178211184,54.1766530209
1390,695,12,7,spray,True,end,12.3173905611,54.1766434258
1391,696,12,7,turn,False,start,12.3173905611,54.1766434258
1392,696,12,7,turn,False,end,12.3173969625,54.1766557060
1393,697,12,7,spray,True,start,12.3173969625,54.1766557060
1394,697,12,7,spray,True,end,12.3177527165,54.1766636341
1395,698,12,7,turn,False,start,12.3177527165,54.1766636341
1396,698,12,7,turn,False,end,12.3179193141,54.1766673465
1397,699,12,7,spray,True,start,12.3179193141,54.1766673465
1398,699,12,7,spray,True,end,12.3180781981,54.1766708867
1399,700,12,7,turn,False,start,12.3180781981,54.1766708867
1400,700,12,7,turn,False,end,12.3180742058,54.1766829353
1401,701,12,7,spray,True,start,12.3180742058,54.1766829353
1402,701,12,7,spray,True,end,12.3179235165,54.1766795776
1403,702,12,7,turn,False,start,12.3179235165,54.1766795776
1404,702,12,7,turn,False,end,12.3176969738,54.1766745295
1405,703,12,7,spray,True,start,12.3176969738,54.1766745295
1406,703,12,7,spray,True,end,12.3174033640,54.1766679862
1407,704,12,7,turn,False,start,12.3174033640,54.1766679862
1408,704,12,7,turn,False,end,12.3174097655,54.1766802664
1409,705,12,7,spray,True,start,12.3174097655,54.1766802664
1410,705,12,7,spray,True,end,12.3176580460,54.1766857995
1411,706,12,7,turn,False,start,12.3176580460,54.1766857995
1412,706,12,7,turn,False,end,12.3179277188,54.1766918088
1413,707,12,7,spray,True,start,12.3179277188,54.1766918088
1414,707,12,7,spray,True,end,12.3180702135,54.1766949838
1415,708,12,7,turn,False,start,12.3180702135,54.1766949838
1416,708,12,7,turn,False,end,12.3180662211,54.1767070324
1417,709,12,7,spray,True,start,12.3180662211,54.1767070324
1418,709,12,7,spray,True,end,12.3179319212,54.1767040399
1419,710,12,7,turn,False,start,12.3179319212,54.1767040399
1420,710,12,7,turn,False,end,12.3176191181,54.1766970695
1421,711,12,7,spray,True,start,12.3176191181,54.1766970695
1422,711,12,7,spray,True,end,12.3174466441,54.1766932258
1423,712,12,7,turn,False,start,12.3174466441,54.1766932258
1424,712,12,7,turn,False,end,12.3175002298,54.1767065575
1425,713,12,7,spray,True,start,12.3175002298,54.1767065575
1426,713,12,7,spray,True,end,12.3175801902,54.1767083395
1427,714,12,7,turn,False,start,12.3175801902,54.1767083395
1428,714,12,7,turn,False,end,12.3179361235,54.1767162711
1429,715,12,7,spray,True,start,12.3179361235,54.1767162711
1430,715,12,7,spray,True,end,12.3180622288,54.1767190810
1431,716,12,7,turn,False,start,12.3180622288,54.1767190810
1432,716,12,7,turn,False,end,12.3180581442,54.1767311275
1433,717,12,7,spray,True,start,12.3180581442,54.1767311275
1434,717,12,7,spray,True,end,12.3179403259,54.1767285022
1435,718,12,7,turn,False,start,12.3179403259,54.1767285022
1436,718,12,7,turn,False,end,12.3179553800,54.1767409752
1437,719,12,7,spray,True,start,12.3179553800,54.1767409752
1438,719,12,7,spray,True,end,12.3180283052,54.1767426001
1439,720,13,6,transit,False,start,12.3180283052,54.1767426001
1440,720,13,6,transit,False,end,12.3187354542,54.1771306025
1441,721,13,6,spray,True,start,12.3187354542,54.1771306025
1442,721,13,6,spray,True,end,12.3187605073,54.1771311606
1443,722,13,6,turn,False,start,12.3187605073,54.1771311606
1444,722,13,6,turn,False,end,12.3188135942,54.1771444806
1445,723,13,6,spray,True,start,12.3188135942,54.1771444806
1446,723,13,6,spray,True,end,12.3186978206,54.1771419017
1447,724,13,6,turn,False,start,12.3186978206,54.1771419017
1448,724,13,6,turn,False,end,12.3186601869,54.1771532009
1449,725,13,6,spray,True,start,12.3186601869,54.1771532009
1450,725,13,6,spray,True,end,12.3188328350,54.1771570467
1451,726,13,6,turn,False,start,12.3188328350,54.1771570467
1452,726,13,6,turn,False,end,12.3188520759,54.1771696128
1453,727,13,6,spray,True,start,12.3188520759,54.1771696128
1454,727,13,6,spray,True,end,12.3186225533,54.1771645000
1455,728,13,6,turn,False,start,12.3186225533,54.1771645000
1456,728,13,6,turn,False,end,12.3185849196,54.1771757992
1457,729,13,6,spray,True,start,12.3185849196,54.1771757992
1458,729,13,6,spray,True,end,12.3188713168,54.1771821789
1459,730,13,6,turn,False,start,12.3188713168,54.1771821789
1460,730,13,6,turn,False,end,12.3188797700,54.1771945047
1461,731,13,6,spray,True,start,12.3188797700,54.1771945047
1462,731,13,6,spray,True,end,12.3185472859,54.1771870983
1463,732,13,6,turn,False,start,12.3185472859,54.1771870983
1464,732,13,6,turn,False,end,12.3185096522,54.1771983975
1465,733,13,6,spray,True,start,12.3185096522,54.1771983975
1466,733,13,6,spray,True,end,12.3188789855,54.1772066247
1467,734,13,6,turn,False,start,12.3188789855,54.1772066247
1468,734,13,6,turn,False,end,12.3188782010,54.1772187448
1469,735,13,6,spray,True,start,12.3188782010,54.1772187448
1470,735,13,6,spray,True,end,12.3184955364,54.1772102205
1471,736,13,6,turn,False,start,12.3184955364,54.1772102205
1472,736,13,6,turn,False,end,12.3184920332,54.1772222800
1473,737,13,6,spray,True,start,12.3184920332,54.1772222800
1474,737,13,6,spray,True,end,12.3188657240,54.1772306044
1475,738,13,6,turn,False,start,12.3188657240,54.1772306044
1476,738,13,6,turn,False,end,12.3188262000,54.1772418615
1477,739,13,6,spray,True,start,12.3188262000,54.1772418615
1478,739,13,6,spray,True,end,12.3184907877,54.1772343897
1479,740,13,6,turn,False,start,12.3184907877,54.1772343897
1480,740,13,6,turn,False,end,12.3184999091,54.1772467304
1481,741,13,6,spray,True,start,12.3184999091,54.1772467304
1482,741,13,6,spray,True,end,12.3187866759,54.1772531186
1483,742,13,6,turn,False,start,12.3187866759,54.1772531186
1484,742,13,6,turn,False,end,12.3187471518,54.1772643757
1485,743,13,6,spray,True,start,12.3187471518,54.1772643757
1486,743,13,6,spray,True,end,12.3185090305,54.1772590712
1487,744,13,6,turn,False,start,12.3185090305,54.1772590712
1488,744,13,6,turn,False,end,12.3185181519,54.1772714119
1489,745,13,6,spray,True,start,12.3185181519,54.1772714119
1490,745,13,6,spray,True,end,12.3187076277,54.1772756328
1491,746,13,6,turn,False,start,12.3187076277,54.1772756328
1492,746,13,6,turn,False,end,12.3186681036,54.1772868898
1493,747,13,6,spray,True,start,12.3186681036,54.1772868898
1494,747,13,6,spray,True,end,12.3185272734,54.1772837526
1495,748,13,6,turn,False,start,12.3185272734,54.1772837526
1496,748,13,6,turn,False,end,12.3185459218,54.1772963055
1497,749,13,6,spray,True,start,12.3185459218,54.1772963055
1498,749,13,6,spray,True,end,12.3186285794,54.1772981469
1499,750,14,1,transit,False,start,12.3186285794,54.1772981469
1500,750,14,1,transit,False,end,12.3154420236,54.1780146954
1501,751,14,1,spray,True,start,12.3154420236,54.1780146954
1502,751,14,1,spray,True,end,12.3155261139,54.1780165708
1503,752,14,1,turn,False,start,12.3155261139,54.1780165708
1504,752,14,1,turn,False,end,12.3155513444,54.1780292710
1505,753,14,1,spray,True,start,12.3155513444,54.1780292710
1506,753,14,1,spray,True,end,12.3154132177,54.1780261904
1507,754,14,1,turn,False,start,12.3154132177,54.1780261904
1508,754,14,1,turn,False,end,12.3153844119,54.1780376855
1509,755,14,1,spray,True,start,12.3153844119,54.1780376855
1510,755,14,1,spray,True,end,12.3155608897,54.1780416214
1511,756,14,1,turn,False,start,12.3155608897,54.1780416214
1512,756,14,1,turn,False,end,12.3155614161,54.1780537707
1513,757,14,1,spray,True,start,12.3155614161,54.1780537707
1514,757,14,1,spray,True,end,12.3153556061,54.1780491805
1515,758,14,1,turn,False,start,12.3153556061,54.1780491805
1516,758,14,1,turn,False,end,12.3153268002,54.1780606756
1517,759,14,1,spray,True,start,12.3153268002,54.1780606756
1518,759,14,1,spray,True,end,12.3155559348,54.1780657859
1519,760,14,1,turn,False,start,12.3155559348,54.1780657859
1520,760,14,1,turn,False,end,12.3155504536,54.1780778012
1521,761,14,1,spray,True,start,12.3155504536,54.1780778012
1522,761,14,1,spray,True,end,12.3153058531,54.1780723459
1523,762,14,1,turn,False,start,12.3153058531,54.1780723459
1524,762,14,1,turn,False,end,12.3153043207,54.1780844492
1525,763,14,1,spray,True,start,12.3153043207,54.1780844492
1526,763,14,1,spray,True,end,12.3155336594,54.1780895642
1527,764,14,1,turn,False,start,12.3155336594,54.1780895642
1528,764,14,1,turn,False,end,12.3155118681,54.1781012157
1529,765,14,1,spray,True,start,12.3155118681,54.1781012157
1530,765,14,1,spray,True,end,12.3153027884,54.1780965526
1531,766,14,1,turn,False,start,12.3153027884,54.1780965526
1532,766,14,1,turn,False,end,12.3153012560,54.1781086559
1533,767,14,1,spray,True,start,12.3153012560,54.1781086559
1534,767,14,1,spray,True,end,12.3154900767,54.1781128672
1535,768,14,1,turn,False,start,12.3154900767,54.1781128672
1536,768,14,1,turn,False,end,12.3154682854,54.1781245188
1537,769,14,1,spray,True,start,12.3154682854,54.1781245188
1538,769,14,1,spray,True,end,12.3152997237,54.1781207593
1539,770,14,1,turn,False,start,12.3152997237,54.1781207593
1540,770,14,1,turn,False,end,12.3152981913,54.1781328626
1541,771,14,1,spray,True,start,12.3152981913,54.1781328626
1542,771,14,1,spray,True,end,12.3154344671,54.1781359020
1543,772,14,1,turn,False,start,12.3154344671,54.1781359020
1544,772,14,1,turn,False,end,12.3153962026,54.1781471861
1545,773,14,1,spray,True,start,12.3153962026,54.1781471861
1546,773,14,1,spray,True,end,12.3153213570,54.1781455168
1547,774,15,2,transit,False,start,12.3153213570,54.1781455168
1548,774,15,2,transit,False,end,12.3143123047,54.1778082779
1549,775,15,2,spray,True,start,12.3143123047,54.1778082779
1550,775,15,2,spray,True,end,12.3142796837,54.1778075500
1551,776,15,2,turn,False,start,12.3142796837,54.1778075500
1552,776,15,2,turn,False,end,12.3142440109,54.1777946165
1553,777,15,2,spray,True,start,12.3142440109,54.1777946165
1554,777,15,2,spray,True,end,12.3143535523,54.1777970607
1555,778,15,2,turn,False,start,12.3143535523,54.1777970607
1556,778,15,2,turn,False,end,12.3143721698,54.1777853385
1557,779,15,2,spray,True,start,12.3143721698,54.1777853385
1558,779,15,2,spray,True,end,12.3142366067,54.1777823138
1559,780,15,2,turn,False,start,12.3142366067,54.1777823138
1560,780,15,2,turn,False,end,12.3142292025,54.1777700111
1561,781,15,2,spray,True,start,12.3142292025,54.1777700111
1562,781,15,2,spray,True,end,12.3143862706,54.1777735156
1563,782,15,2,turn,False,start,12.3143862706,54.1777735156
1564,782,15,2,turn,False,end,12.3144003715,54.1777616927
1565,783,15,2,spray,True,start,12.3144003715,54.1777616927
1566,783,15,2,spray,True,end,12.3142217983,54.1777577083
1567,784,15,2,turn,False,start,12.3142217983,54.1777577083
1568,784,15,2,turn,False,end,12.3142143941,54.1777454056
1569,785,15,2,spray,True,start,12.3142143941,54.1777454056
1570,785,15,2,spray,True,end,12.3144267270,54.1777501432
1571,786,15,2,turn,False,start,12.3144267270,54.1777501432
1572,786,15,2,turn,False,end,12.3144550611,54.1777386379
1573,787,15,2,spray,True,start,12.3144550611,54.1777386379
1574,787,15,2,spray,True,end,12.3142069899,54.1777331029
1575,788,15,2,turn,False,start,12.3142069899,54.1777331029
1576,788,15,2,turn,False,end,12.3141995857,54.1777208001
1577,789,15,2,spray,True,start,12.3141995857,54.1777208001
1578,789,15,2,spray,True,end,12.3144833953,54.1777271325
1579,790,15,2,turn,False,start,12.3144833953,54.1777271325
1580,790,15,2,turn,False,end,12.3145266447,54.1777159599
1581,791,15,2,spray,True,start,12.3145266447,54.1777159599
1582,791,15,2,spray,True,end,12.3141921815,54.1777084974
1583,792,15,2,turn,False,start,12.3141921815,54.1777084974
1584,792,15,2,turn,False,end,12.3141982571,54.1776964954
1585,793,15,2,spray,True,start,12.3141982571,54.1776964954
1586,793,15,2,spray,True,end,12.3145765900,54.1777049367
1587,794,15,2,turn,False,start,12.3145765900,54.1777049367
1588,794,15,2,turn,False,end,12.3145958783,54.1776932295
1589,795,15,2,spray,True,start,12.3145958783,54.1776932295
1590,795,15,2,spray,True,end,12.3142101295,54.1776846228
1591,796,15,2,turn,False,start,12.3142101295,54.1776846228
1592,796,15,2,turn,False,end,12.3142220019,54.1776727502
1593,797,15,2,spray,True,start,12.3142220019,54.1776727502
1594,797,15,2,spray,True,end,12.3146062388,54.1776813231
1595,798,15,2,turn,False,start,12.3146062388,54.1776813231
1596,798,15,2,turn,False,end,12.3146175823,54.1776694387
1597,799,15,2,spray,True,start,12.3146175823,54.1776694387
1598,799,15,2,spray,True,end,12.3142527001,54.1776612977
1599,800,15,2,turn,False,start,12.3142527001,54.1776612977
1600,800,15,2,turn,False,end,12.3142835716,54.1776498490
1601,801,15,2,spray,True,start,12.3142835716,54.1776498490
1602,801,15,2,spray,True,end,12.3146428242,54.1776578643
1603,802,15,2,turn,False,start,12.3146428242,54.1776578643
1604,802,15,2,turn,False,end,12.3146680661,54.1776462899
1605,803,15,2,spray,True,start,12.3146680661,54.1776462899
1606,803,15,2,spray,True,end,12.3143144431,54.1776384003
1607,804,15,2,turn,False,start,12.3143144431,54.1776384003
1608,804,15,2,turn,False,end,12.3143396045,54.1776268241
1609,805,15,2,spray,True,start,12.3143396045,54.1776268241
1610,805,15,2,spray,True,end,12.3146933079,54.1776347155
1611,806,15,2,turn,False,start,12.3146933079,54.1776347155
1612,806,15,2,turn,False,end,12.3146934225,54.1776225805
1613,807,15,2,spray,True,start,12.3146934225,54.1776225805
1614,807,15,2,spray,True,end,12.3143451583,54.1776148105
1615,808,15,2,turn,False,start,12.3143451583,54.1776148105
1616,808,15,2,turn,False,end,12.3143507121,54.1776027969
1617,809,15,2,spray,True,start,12.3143507121,54.1776027969
1618,809,15,2,spray,True,end,12.3146883607,54.1776103301
1619,810,15,2,turn,False,start,12.3146883607,54.1776103301
1620,810,15,2,turn,False,end,12.3146832989,54.1775980796
1621,811,15,2,spray,True,start,12.3146832989,54.1775980796
1622,811,15,2,spray,True,end,12.3143562658,54.1775907833
1623,812,15,2,turn,False,start,12.3143562658,54.1775907833
1624,812,15,2,turn,False,end,12.3143618196,54.1775787697
1625,813,15,2,spray,True,start,12.3143618196,54.1775787697
1626,813,15,2,spray,True,end,12.3146698523,54.1775856421
1627,814,15,2,turn,False,start,12.3146698523,54.1775856421
1628,814,15,2,turn,False,end,12.3146392330,54.1775728215
1629,815,15,2,spray,True,start,12.3146392330,54.1775728215
1630,815,15,2,spray,True,end,12.3143673734,54.1775667561
1631,816,15,2,turn,False,start,12.3143673734,54.1775667561
1632,816,15,2,turn,False,end,12.3143729272,54.1775547425
1633,817,15,2,spray,True,start,12.3143729272,54.1775547425
1634,817,15,2,spray,True,end,12.3145543732,54.1775587908
1635,818,15,2,turn,False,start,12.3145543732,54.1775587908
1636,818,15,2,turn,False,end,12.3145053246,54.1775455589
1637,819,15,2,spray,True,start,12.3145053246,54.1775455589
1638,819,15,2,spray,True,end,12.3143784809,54.1775427289
1639,820,15,2,turn,False,start,12.3143784809,54.1775427289
1640,820,15,2,turn,False,end,12.3143840347,54.1775307153
1641,821,15,2,spray,True,start,12.3143840347,54.1775307153
1642,821,15,2,spray,True,end,12.3144845700,54.1775329584
1643,822,15,2,turn,False,start,12.3144845700,54.1775329584
1644,822,15,2,turn,False,end,12.3144638155,54.1775203578
1645,823,15,2,spray,True,start,12.3144638155,54.1775203578
1646,823,15,2,spray,True,end,12.3144277342,54.1775195528
1647,824,16,3,transit,False,start,12.3144277342,54.1775195528
1648,824,16,3,transit,False,end,12.3137924148,54.1776504192
1649,825,16,3,spray,True,start,12.3137924148,54.1776504192
1650,825,16,3,spray,True,end,12.3137731282,54.1776499888
1651,826,16,3,turn,False,start,12.3137731282,54.1776499888
1652,826,16,3,turn,False,end,12.3137022887,54.1776362703
1653,827,16,3,spray,True,start,12.3137022887,54.1776362703
1654,827,16,3,spray,True,end,12.3138274549,54.1776390636
1655,828,16,3,turn,False,start,12.3138274549,54.1776390636
1656,828,16,3,turn,False,end,12.3138624949,54.1776277081
1657,829,16,3,spray,True,start,12.3138624949,54.1776277081
1658,829,16,3,spray,True,end,12.3136456165,54.1776228680
1659,830,16,3,turn,False,start,12.3136456165,54.1776228680
1660,830,16,3,turn,False,end,12.3136454739,54.1776107273
1661,831,16,3,spray,True,start,12.3136454739,54.1776107273
1662,831,16,3,spray,True,end,12.3138975350,54.1776163525
1663,832,16,3,turn,False,start,12.3138975350,54.1776163525
1664,832,16,3,turn,False,end,12.3139325750,54.1776049969
1665,833,16,3,spray,True,start,12.3139325750,54.1776049969
1666,833,16,3,spray,True,end,12.3136453313,54.1775985866
1667,834,16,3,turn,False,start,12.3136453313,54.1775985866
1668,834,16,3,turn,False,end,12.3136451888,54.1775864459
1669,835,16,3,spray,True,start,12.3136451888,54.1775864459
1670,835,16,3,spray,True,end,12.3139798941,54.1775939153
1671,836,16,3,turn,False,start,12.3139798941,54.1775939153
1672,836,16,3,turn,False,end,12.3140530045,54.1775834092
1673,837,16,3,spray,True,start,12.3140530045,54.1775834092
1674,837,16,3,spray,True,end,12.3136450462,54.1775743051
1675,838,16,3,turn,False,start,12.3136450462,54.1775743051
1676,838,16,3,turn,False,end,12.3136449036,54.1775621644
1677,839,16,3,spray,True,start,12.3136449036,54.1775621644
1678,839,16,3,spray,True,end,12.3140613564,54.1775714581
1679,840,16,3,turn,False,start,12.3140613564,54.1775714581
1680,840,16,3,turn,False,end,12.3140697084,54.1775595069
1681,841,16,3,spray,True,start,12.3140697084,54.1775595069
1682,841,16,3,spray,True,end,12.3136400533,54.1775499187
1683,842,16,3,turn,False,start,12.3136400533,54.1775499187
1684,842,16,3,turn,False,end,12.3136252528,54.1775374508
1685,843,16,3,spray,True,start,12.3136252528,54.1775374508
1686,843,16,3,spray,True,end,12.3140780604,54.1775475558
1687,844,16,3,turn,False,start,12.3140780604,54.1775475558
1688,844,16,3,turn,False,end,12.3140864123,54.1775356046
1689,845,16,3,spray,True,start,12.3140864123,54.1775356046
1690,845,16,3,spray,True,end,12.3136104524,54.1775249830
1691,846,16,3,turn,False,start,12.3136104524,54.1775249830
1692,846,16,3,turn,False,end,12.3135956519,54.1775125151
1693,847,16,3,spray,True,start,12.3135956519,54.1775125151
1694,847,16,3,spray,True,end,12.3140772529,54.1775232627
1695,848,16,3,turn,False,start,12.3140772529,54.1775232627
1696,848,16,3,turn,False,end,12.3140598084,54.1775107359
1697,849,16,3,spray,True,start,12.3140598084,54.1775107359
1698,849,16,3,spray,True,end,12.3135919979,54.1775002960
1699,850,16,3,turn,False,start,12.3135919979,54.1775002960
1700,850,16,3,turn,False,end,12.3135972513,54.1774882758
1701,851,16,3,spray,True,start,12.3135972513,54.1774882758
1702,851,16,3,spray,True,end,12.3140118531,54.1774975283
1703,852,16,3,turn,False,start,12.3140118531,54.1774975283
1704,852,16,3,turn,False,end,12.3139239177,54.1774834284
1705,853,16,3,spray,True,start,12.3139239177,54.1774834284
1706,853,16,3,spray,True,end,12.3136049871,54.1774763109
1707,854,16,3,turn,False,start,12.3136049871,54.1774763109
1708,854,16,3,turn,False,end,12.3136324736,54.1774647868
1709,855,16,3,spray,True,start,12.3136324736,54.1774647868
1710,855,16,3,spray,True,end,12.3138450652,54.1774695313
1711,856,16,3,turn,False,start,12.3138450652,54.1774695313
1712,856,16,3,turn,False,end,12.3138057443,54.1774565162
1713,857,16,3,spray,True,start,12.3138057443,54.1774565162
1714,857,16,3,spray,True,end,12.3136599602,54.1774532627
1715,858,16,3,turn,False,start,12.3136599602,54.1774532627
1716,858,16,3,turn,False,end,12.3136874467,54.1774417386
1717,859,16,3,spray,True,start,12.3136874467,54.1774417386
1718,859,16,3,spray,True,end,12.3137664234,54.1774435012
1719,860,17,4,transit,False,start,12.3137664234,54.1774435012
1720,860,17,4,transit,False,end,12.3132826948,54.1773837284
1721,861,17,4,spray,True,start,12.3132826948,54.1773837284
1722,861,17,4,spray,True,end,12.3133244710,54.1773846609
1723,862,17,4,turn,False,start,12.3133244710,54.1773846609
1724,862,17,4,turn,False,end,12.3133972917,54.1773741487
1725,863,17,4,spray,True,start,12.3133972917,54.1773741487
1726,863,17,4,spray,True,end,12.3132045261,54.1773698460
1727,864,17,4,turn,False,start,12.3132045261,54.1773698460
1728,864,17,4,turn,False,end,12.3131582079,54.1773566746
1729,865,17,4,spray,True,start,12.3131582079,54.1773566746
1730,865,17,4,spray,True,end,12.3134701123,54.1773636365
1731,866,17,4,turn,False,start,12.3134701123,54.1773636365
1732,866,17,4,turn,False,end,12.3134940208,54.1773520326
1733,867,17,4,spray,True,start,12.3134940208,54.1773520326
1734,867,17,4,spray,True,end,12.3131546235,54.1773444571
1735,868,17,4,turn,False,start,12.3131546235,54.1773444571
1736,868,17,4,turn,False,end,12.3131510390,54.1773322395
1737,869,17,4,spray,True,start,12.3131510390,54.1773322395
1738,869,17,4,spray,True,end,12.3135080889,54.1773402091
1739,870,17,4,turn,False,start,12.3135080889,54.1773402091
1740,870,17,4,turn,False,end,12.3135108575,54.1773281334
1741,871,17,4,spray,True,start,12.3135108575,54.1773281334
1742,871,17,4,spray,True,end,12.3131474546,54.1773200220
1743,872,17,4,turn,False,start,12.3131474546,54.1773200220
1744,872,17,4,turn,False,end,12.3131438701,54.1773078045
1745,873,17,4,spray,True,start,12.3131438701,54.1773078045
1746,873,17,4,spray,True,end,12.3135134290,54.1773160532
1747,874,17,4,turn,False,start,12.3135134290,54.1773160532
1748,874,17,4,turn,False,end,12.3135160006,54.1773039731
1749,875,17,4,spray,True,start,12.3135160006,54.1773039731
1750,875,17,4,spray,True,end,12.3131402857,54.1772955869
1751,876,17,4,turn,False,start,12.3131402857,54.1772955869
1752,876,17,4,turn,False,end,12.3131367012,54.1772833694
1753,877,17,4,spray,True,start,12.3131367012,54.1772833694
1754,877,17,4,spray,True,end,12.3135185722,54.1772918930
1755,878,17,4,turn,False,start,12.3135185722,54.1772918930
1756,878,17,4,turn,False,end,12.3135211437,54.1772798128
1757,879,17,4,spray,True,start,12.3135211437,54.1772798128
1758,879,17,4,spray,True,end,12.3131432556,54.1772713782
1759,880,17,4,turn,False,start,12.3131432556,54.1772713782
1760,880,17,4,turn,False,end,12.3131578756,54.1772595670
1761,881,17,4,spray,True,start,12.3131578756,54.1772595670
1762,881,17,4,spray,True,end,12.3135192283,54.1772676326
1763,882,17,4,turn,False,start,12.3135192283,54.1772676326
1764,882,17,4,turn,False,end,12.3135147015,54.1772553940
1765,883,17,4,spray,True,start,12.3135147015,54.1772553940
1766,883,17,4,spray,True,end,12.3131724957,54.1772477558
1767,884,17,4,turn,False,start,12.3131724957,54.1772477558
1768,884,17,4,turn,False,end,12.3131871157,54.1772359446
1769,885,17,4,spray,True,start,12.3131871157,54.1772359446
1770,885,17,4,spray,True,end,12.3135056367,54.1772430542
1771,886,17,4,turn,False,start,12.3135056367,54.1772430542
1772,886,17,4,turn,False,end,12.3134869312,54.1772304991
1773,887,17,4,spray,True,start,12.3134869312,54.1772304991
1774,887,17,4,spray,True,end,12.3132017357,54.1772241334
1775,888,17,4,turn,False,start,12.3132017357,54.1772241334
1776,888,17,4,turn,False,end,12.3132163558,54.1772123222
1777,889,17,4,spray,True,start,12.3132163558,54.1772123222
1778,889,17,4,spray,True,end,12.3134682257,54.1772179441
1779,890,17,4,turn,False,start,12.3134682257,54.1772179441
1780,890,17,4,turn,False,end,12.3134495203,54.1772053891
1781,891,17,4,spray,True,start,12.3134495203,54.1772053891
1782,891,17,4,spray,True,end,12.3132309758,54.1772005111
1783,892,17,4,turn,False,start,12.3132309758,54.1772005111
1784,892,17,4,turn,False,end,12.3132455958,54.1771886999
1785,893,17,4,spray,True,start,12.3132455958,54.1771886999
1786,893,17,4,spray,True,end,12.3134308149,54.1771928341
1787,894,17,4,turn,False,start,12.3134308149,54.1771928341
1788,894,17,4,turn,False,end,12.3134121094,54.1771802790
1789,895,17,4,spray,True,start,12.3134121094,54.1771802790
1790,895,17,4,spray,True,end,12.3132752733,54.1771772248
1791,896,17,4,turn,False,start,12.3132752733,54.1771772248
1792,896,17,4,turn,False,end,12.3133055751,54.1771657636
1793,897,17,4,spray,True,start,12.3133055751,54.1771657636
1794,897,17,4,spray,True,end,12.3133934040,54.1771677240
1795,898,17,4,turn,False,start,12.3133934040,54.1771677240
1796,898,17,4,turn,False,end,12.3133611930,54.1771548675
1797,899,17,4,spray,True,start,12.3133611930,54.1771548675
1798,899,17,4,spray,True,end,12.3133358768,54.1771543024
1799,900,18,5,transit,False,start,12.3133358768,54.1771543024
1800,900,18,5,transit,False,end,12.3108851101,54.1771985839
1801,901,18,5,spray,True,start,12.3108851101,54.1771985839
1802,901,18,5,spray,True,end,12.3109714529,54.1772005128
1803,902,18,5,turn,False,start,12.3109714529,54.1772005128
1804,902,18,5,turn,False,end,12.3109851528,54.1771886813
1805,903,18,5,spray,True,start,12.3109851528,54.1771886813
1806,903,18,5,spray,True,end,12.3108706396,54.1771861230
1807,904,18,5,turn,False,start,12.3108706396,54.1771861230
1808,904,18,5,turn,False,end,12.3108561691,54.1771736622
1809,905,18,5,spray,True,start,12.3108561691,54.1771736622
1810,905,18,5,spray,True,end,12.3109988527,54.1771768499
1811,906,18,5,turn,False,start,12.3109988527,54.1771768499
1812,906,18,5,turn,False,end,12.3110088190,54.1771649350
1813,907,18,5,spray,True,start,12.3110088190,54.1771649350
1814,907,18,5,spray,True,end,12.3108416987,54.1771612014
1815,908,18,5,turn,False,start,12.3108416987,54.1771612014
1816,908,18,5,turn,False,end,12.3108223653,54.1771486319
1817,909,18,5,spray,True,start,12.3108223653,54.1771486319
1818,909,18,5,spray,True,end,12.3110018964,54.1771526428
1819,910,18,5,turn,False,start,12.3110018964,54.1771526428
1820,910,18,5,turn,False,end,12.3109949739,54.1771403506
1821,911,18,5,spray,True,start,12.3109949739,54.1771403506
1822,911,18,5,spray,True,end,12.3107241223,54.1771342994
1823,912,18,5,turn,False,start,12.3107241223,54.1771342994
1824,912,18,5,turn,False,end,12.3106392262,54.1771202651
1825,913,18,5,spray,True,start,12.3106392262,54.1771202651
1826,913,18,5,spray,True,end,12.3109880514,54.1771280584
1827,914,18,5,turn,False,start,12.3109880514,54.1771280584
1828,914,18,5,turn,False,end,12.3109811289,54.1771157662
1829,915,18,5,spray,True,start,12.3109811289,54.1771157662
1830,915,18,5,spray,True,end,12.3106347466,54.1771080275
1831,916,18,5,turn,False,start,12.3106347466,54.1771080275
1832,916,18,5,turn,False,end,12.3106302670,54.1770957898
1833,917,18,5,spray,True,start,12.3106302670,54.1770957898
1834,917,18,5,spray,True,end,12.3109798763,54.1771036007
1835,918,18,5,turn,False,start,12.3109798763,54.1771036007
1836,918,18,5,turn,False,end,12.3109804625,54.1770914763
1837,919,18,5,spray,True,start,12.3109804625,54.1770914763
1838,919,18,5,spray,True,end,12.3106257874,54.1770835522
1839,920,18,5,turn,False,start,12.3106257874,54.1770835522
1840,920,18,5,turn,False,end,12.3106303468,54.1770715166
1841,921,18,5,spray,True,start,12.3106303468,54.1770715166
1842,921,18,5,spray,True,end,12.3109810487,54.1770793518
1843,922,18,5,turn,False,start,12.3109810487,54.1770793518
1844,922,18,5,turn,False,end,12.3109816349,54.1770672274
1845,923,18,5,spray,True,start,12.3109816349,54.1770672274
1846,923,18,5,spray,True,end,12.3106375553,54.1770595401
1847,924,18,5,turn,False,start,12.3106375553,54.1770595401
1848,924,18,5,turn,False,end,12.3106447638,54.1770475636
1849,925,18,5,spray,True,start,12.3106447638,54.1770475636
1850,925,18,5,spray,True,end,12.3109822211,54.1770551029
1851,926,18,5,turn,False,start,12.3109822211,54.1770551029
1852,926,18,5,turn,False,end,12.3109828073,54.1770429785
1853,927,18,5,spray,True,start,12.3109828073,54.1770429785
1854,927,18,5,spray,True,end,12.3106519723,54.1770355871
1855,928,18,5,turn,False,start,12.3106519723,54.1770355871
1856,928,18,5,turn,False,end,12.3106591808,54.1770236107
1857,929,18,5,spray,True,start,12.3106591808,54.1770236107
1858,929,18,5,spray,True,end,12.3109833935,54.1770308541
1859,930,18,5,turn,False,start,12.3109833935,54.1770308541
1860,930,18,5,turn,False,end,12.3109370105,54.1770176803
1861,931,18,5,spray,True,start,12.3109370105,54.1770176803
1862,931,18,5,spray,True,end,12.3107043665,54.1770124827
1863,932,18,5,turn,False,start,12.3107043665,54.1770124827
1864,932,18,5,turn,False,end,12.3107544864,54.1770014649
1865,933,18,5,spray,True,start,12.3107544864,54.1770014649
1866,933,18,5,spray,True,end,12.3108882113,54.1770044526
1867,934,18,5,turn,False,start,12.3108882113,54.1770044526
1868,934,18,5,turn,False,end,12.3108394121,54.1769912248
1869,935,18,5,spray,True,start,12.3108394121,54.1769912248
1870,935,18,5,spray,True,end,12.3108046062,54.1769904472
